时间,基准收益,策略收益,当日盈利,当日亏损,当日买入,当日卖出
2010-01-04 16:00:00,-1.13,0,0,0,0,0
2010-01-05 16:00:00,-0.33,0,0,0,0,0
2010-01-06 16:00:00,-0.95,0,0,0,0,0
2010-01-07 16:00:00,-2.91,0,0,0,0,0
2010-01-08 16:00:00,-2.67,0,0,0,0,0
2010-01-11 16:00:00,-2.62,0,0,0,0,0
2010-01-12 16:00:00,-1.14,0,0,0,0,0
2010-01-13 16:00:00,-4.32,0,0,0,0,0
2010-01-14 16:00:00,-2.98,0,0,0,0,0
2010-01-15 16:00:00,-2.6,0,0,0,0,0
2010-01-18 16:00:00,-2.1,0,0,0,0,0
2010-01-19 16:00:00,-1.91,0,0,0,0,0
2010-01-20 16:00:00,-5.07,0,0,0,0,0
2010-01-21 16:00:00,-4.67,0,0,0,0,0
2010-01-22 16:00:00,-5.86,0,0,0,0,0
2010-01-25 16:00:00,-6.93,0,0,0,0,0
2010-01-26 16:00:00,-9.31,0,0,0,0,0
2010-01-27 16:00:00,-10.55,0,0,0,0,0
2010-01-28 16:00:00,-10.32,0,0,0,0,0
2010-01-29 16:00:00,-10.39,0,0,0,0,0
2010-02-01 16:00:00,-11.83,0,0,0,0,0
2010-02-02 16:00:00,-12.01,0,0,0,0,0
2010-02-03 16:00:00,-9.65,0,0,0,0,0
2010-02-04 16:00:00,-9.98,0,0,0,0,0
2010-02-05 16:00:00,-11.82,0,0,0,0,0
2010-02-08 16:00:00,-11.88,0,0,0,0,0
2010-02-09 16:00:00,-11.37,0,0,0,0,0
2010-02-10 16:00:00,-10.11,0,0,0,0,0
2010-02-11 16:00:00,-9.94,0,0,0,0,0
2010-02-12 16:00:00,-9.07,0,0,0,0,0
2010-02-22 16:00:00,-9.57,0,0,0,0,0
2010-02-23 16:00:00,-10.54,0,0,0,0,0
2010-02-24 16:00:00,-9.26,0,0,0,0,0
2010-02-25 16:00:00,-7.93,0,0,0,0,0
2010-02-26 16:00:00,-8.22,0,0,0,0,0
2010-03-01 16:00:00,-7.03,0,0,0,0,0
2010-03-02 16:00:00,-7.4,0,0,0,0,0
2010-03-03 16:00:00,-6.73,0,0,0,0,0
2010-03-04 16:00:00,-9.09,0,0,0,0,0
2010-03-05 16:00:00,-8.84,0,0,0,0,0
2010-03-08 16:00:00,-8.1,0,0,0,0,0
2010-03-09 16:00:00,-7.55,0,0,0,0,0
2010-03-10 16:00:00,-8.28,0,0,0,0,0
2010-03-11 16:00:00,-8.36,0,0,0,0,0
2010-03-12 16:00:00,-9.58,-0.37,0,-365.21,97368,0
2010-03-15 16:00:00,-10.98,-1.39,0,-1028.07,0,-32362
2010-03-16 16:00:00,-10.4,-0.43,961.92,0,8910,-38520
2010-03-17 16:00:00,-8.44,0.87,1303.48,0,51748,0
2010-03-18 16:00:00,-8.62,2.14,1263.49,0,0,-50391
2010-03-19 16:00:00,-7.88,3.37,1233,0,0,0
2010-03-22 16:00:00,-7.64,2.85,0,-522,0,0
2010-03-23 16:00:00,-8.39,0.92,0,-1925.48,48267,0
2010-03-24 16:00:00,-8.36,1.45,524.2,0,0,-46770
2010-03-25 16:00:00,-9.69,-1.21,0,-2651.72,45733,0
2010-03-26 16:00:00,-8.41,-1.4,0,-190.29,0,-66290
2010-03-29 16:00:00,-6.07,-1.17,231.34,0,75527,0
2010-03-30 16:00:00,-5.84,-1.62,0,-454.34,0,-30260
2010-03-31 16:00:00,-6.43,-1.76,0,-141.2,0,-5196
2010-04-01 16:00:00,-5.14,-0.83,929,0,3456,0
2010-04-02 16:00:00,-4.71,-0.57,262,0,0,0
2010-04-06 16:00:00,-4.77,0.28,847,0,0,0
2010-04-07 16:00:00,-5.28,1.31,1031,0,19393,0
2010-04-08 16:00:00,-6.4,0.86,0,-446,3224,0
2010-04-09 16:00:00,-5.5,1.74,881.43,0,0,-1574
2010-04-12 16:00:00,-6.27,2.81,1064,0,0,0
2010-04-13 16:00:00,-5.14,-1.46,0,-4264,0,0
2010-04-14 16:00:00,-4.81,-1.44,21.11,0,0,-17889
2010-04-15 16:00:00,-5.07,-2.89,0,-1459.27,27557,0
2010-04-16 16:00:00,-6.13,-3.66,0,-761.81,0,-26775
2010-04-19 16:00:00,-11.17,-5.93,0,-2271.9,26350,0
2010-04-20 16:00:00,-11.25,-3.87,2063,0,0,0
2010-04-21 16:00:00,-9.48,-1.28,2585,0,0,0
2010-04-22 16:00:00,-10.46,-0.36,917,0,6369,0
2010-04-23 16:00:00,-10.79,-1.34,0,-980.53,0,-6531
2010-04-26 16:00:00,-11.29,1.2,2542.71,0,0,-13285
2010-04-27 16:00:00,-13.07,-1.28,0,-2481.88,20400,-35200
2010-04-28 16:00:00,-13.38,-2.6,0,-1316,19622,0
2010-04-29 16:00:00,-14.42,-1.93,667.73,0,0,-20271
2010-04-30 16:00:00,-14.22,-2.93,0,-1000.6,0,-60366.6
2010-05-04 16:00:00,-15.56,-2.93,0,0,0,0
2010-05-05 16:00:00,-15.08,-2.93,0,0,0,0
2010-05-06 16:00:00,-18.98,-2.93,0,0,0,0
2010-05-07 16:00:00,-20.66,-2.93,0,0,0,0
2010-05-10 16:00:00,-20.06,-2.93,0,0,0,0
2010-05-11 16:00:00,-21.67,-2.93,0,0,0,0
2010-05-12 16:00:00,-21.19,-2.93,0,0,0,0
2010-05-13 16:00:00,-19.26,-2.93,0,0,0,0
2010-05-14 16:00:00,-19.79,-2.93,0,0,0,0
2010-05-17 16:00:00,-24.08,-2.93,0,0,0,0
2010-05-18 16:00:00,-22.49,-2.93,0,0,0,0
2010-05-19 16:00:00,-22.75,-2.93,0,0,0,0
2010-05-20 16:00:00,-23.76,-2.93,0,0,0,0
2010-05-21 16:00:00,-22.57,-2.93,0,0,0,0
2010-05-24 16:00:00,-19.64,-2.93,0,0,0,0
2010-05-25 16:00:00,-21.3,-2.93,0,0,0,0
2010-05-26 16:00:00,-21.3,-2.93,0,0,0,0
2010-05-27 16:00:00,-20.02,-2.93,0,0,0,0
2010-05-28 16:00:00,-20.29,-2.93,0,0,0,0
2010-05-31 16:00:00,-22.44,-2.93,0,0,0,0
2010-06-01 16:00:00,-23.25,-2.93,0,0,0,0
2010-06-02 16:00:00,-22.88,-2.93,0,0,0,0
2010-06-03 16:00:00,-23.48,-2.93,0,0,0,0
2010-06-04 16:00:00,-23.25,-2.93,0,0,0,0
2010-06-07 16:00:00,-24.61,-2.93,0,0,0,0
2010-06-08 16:00:00,-24.51,-2.93,0,0,0,0
2010-06-09 16:00:00,-22.19,-2.93,0,0,0,0
2010-06-10 16:00:00,-23.09,-2.93,0,0,0,0
2010-06-11 16:00:00,-22.84,-2.93,0,0,0,0
2010-06-17 16:00:00,-23.29,-2.93,0,0,0,0
2010-06-18 16:00:00,-24.6,-2.93,0,0,0,0
2010-06-21 16:00:00,-22.23,-2.93,0,0,0,0
2010-06-22 16:00:00,-22.15,-2.93,0,0,0,0
2010-06-23 16:00:00,-22.85,-2.93,0,0,0,0
2010-06-24 16:00:00,-22.88,-2.93,0,0,0,0
2010-06-25 16:00:00,-23.48,-2.93,0,0,0,0
2010-06-28 16:00:00,-24.02,-2.93,0,0,0,0
2010-06-29 16:00:00,-27.51,-2.93,0,0,0,0
2010-06-30 16:00:00,-28.32,-2.93,0,0,0,0
2010-07-01 16:00:00,-29.35,-2.93,0,0,0,0
2010-07-02 16:00:00,-29.13,-2.93,0,0,0,0
2010-07-05 16:00:00,-29.73,-2.93,0,0,0,0
2010-07-06 16:00:00,-28.32,-2.93,0,0,0,0
2010-07-07 16:00:00,-27.83,-2.93,0,0,0,0
2010-07-08 16:00:00,-27.96,-2.93,0,0,0,0
2010-07-09 16:00:00,-25.97,-2.93,0,0,0,0
2010-07-12 16:00:00,-25.16,-2.93,0,0,0,0
2010-07-13 16:00:00,-26.32,-2.93,0,0,0,0
2010-07-14 16:00:00,-25.79,-2.93,0,0,0,0
2010-07-15 16:00:00,-27.05,-2.93,0,0,0,0
2010-07-16 16:00:00,-26.84,-2.93,0,0,0,0
2010-07-19 16:00:00,-24.98,-2.93,0,0,0,0
2010-07-20 16:00:00,-23.33,-2.93,0,0,0,0
2010-07-21 16:00:00,-23.17,-2.93,0,0,0,0
2010-07-22 16:00:00,-22.22,-2.93,0,0,0,0
2010-07-23 16:00:00,-21.89,-2.93,0,0,0,0
2010-07-26 16:00:00,-21.38,-2.93,0,0,0,0
2010-07-27 16:00:00,-21.81,-2.93,0,0,0,0
2010-07-28 16:00:00,-19.91,-2.93,0,0,0,0
2010-07-29 16:00:00,-19.51,-2.93,0,0,0,0
2010-07-30 16:00:00,-19.77,-2.93,0,0,0,0
2010-08-02 16:00:00,-18.41,-2.43,499.04,0,96528,0
2010-08-03 16:00:00,-19.85,-2.18,257.33,0,0,-97440
2010-08-04 16:00:00,-19.56,-3.33,0,-1156.3,97657,0
2010-08-05 16:00:00,-20.27,-3.44,0,-108.93,0,-94560
2010-08-06 16:00:00,-18.96,-3.43,13,0,0,0
2010-08-09 16:00:00,-18.39,-3.38,50,0,0,0
2010-08-10 16:00:00,-20.78,-3.44,0,-61,0,0
2010-08-11 16:00:00,-20.29,-3.46,0,-17.98,0,-1975
2010-08-12 16:00:00,-21.24,-3.46,0,0,0,0
2010-08-13 16:00:00,-20.14,-2.18,1276.74,0,94185,0
2010-08-16 16:00:00,-18.28,-2.91,0,-728.78,0,-90601
2010-08-17 16:00:00,-17.71,-4.62,0,-1715.24,87453,0
2010-08-18 16:00:00,-17.85,-4.76,0,-134.94,0,-83800
2010-08-19 16:00:00,-17.35,-4.99,0,-231.25,80847,0
2010-08-20 16:00:00,-18.94,-5.68,0,-691.62,0,-78166
2010-08-23 16:00:00,-19,-5.7,0,-17.1,0,-8096
2010-08-24 16:00:00,-18.57,-7.73,0,-2028.95,96500,0
2010-08-25 16:00:00,-20.49,-7.5,226.69,0,0,-94850
2010-08-26 16:00:00,-20.29,-7.5,0,0,0,0
2010-08-27 16:00:00,-20.06,-7.5,0,0,0,0
2010-08-30 16:00:00,-18.48,-7.5,0,0,0,0
2010-08-31 16:00:00,-18.81,-7.5,0,0,0,0
2010-09-01 16:00:00,-19.34,-7.5,0,0,0,0
2010-09-02 16:00:00,-18.3,-7.5,0,0,0,0
2010-09-03 16:00:00,-18.33,-7.5,0,0,0,0
2010-09-06 16:00:00,-16.8,-7.5,0,0,0,0
2010-09-07 16:00:00,-16.57,-7.5,0,0,0,0
2010-09-08 16:00:00,-16.63,-7.5,0,0,0,0
2010-09-09 16:00:00,-18.16,-7.5,0,0,0,0
2010-09-10 16:00:00,-17.99,-7.5,0,0,0,0
2010-09-13 16:00:00,-17.15,-7.5,0,0,0,0
2010-09-14 16:00:00,-17.08,-7.5,0,0,0,0
2010-09-15 16:00:00,-18.53,-7.5,0,0,0,0
2010-09-16 16:00:00,-20.08,-7.5,0,0,0,0
2010-09-17 16:00:00,-19.98,-7.5,0,0,0,0
2010-09-20 16:00:00,-20.3,-7.5,0,0,0,0
2010-09-21 16:00:00,-20.09,-7.5,0,0,0,0
2010-09-27 16:00:00,-18.76,-7.5,0,0,0,0
2010-09-28 16:00:00,-19.43,-7.5,0,0,0,0
2010-09-29 16:00:00,-19.6,-7.5,0,0,0,0
2010-09-30 16:00:00,-17.9,-7.5,0,0,0,0
2010-10-08 16:00:00,-14.86,-7.5,0,0,0,0
2010-10-11 16:00:00,-12.38,-7.5,0,0,0,0
2010-10-12 16:00:00,-11.27,-7.5,0,0,0,0
2010-10-13 16:00:00,-10.02,-7.5,0,0,0,0
2010-10-14 16:00:00,-9.83,-7.5,0,0,0,0
2010-10-15 16:00:00,-6.94,-7.5,0,0,0,0
2010-10-18 16:00:00,-7.54,-7.5,0,0,0,0
2010-10-19 16:00:00,-5.59,-7.5,0,0,0,0
2010-10-20 16:00:00,-5,-7.5,0,0,0,0
2010-10-21 16:00:00,-5.62,-7.5,0,0,0,0
2010-10-22 16:00:00,-5.51,-7.5,0,0,0,0
2010-10-25 16:00:00,-2.65,-7.5,0,0,0,0
2010-10-26 16:00:00,-3.07,-7.5,0,0,0,0
2010-10-27 16:00:00,-4.81,-7.5,0,0,0,0
2010-10-28 16:00:00,-4.98,-7.5,0,0,0,0
2010-10-29 16:00:00,-5.47,-7.5,0,0,0,0
2010-11-01 16:00:00,-2.87,-7.5,0,0,0,0
2010-11-02 16:00:00,-3.15,-7.5,0,0,0,0
2010-11-03 16:00:00,-4.34,-7.5,0,0,0,0
2010-11-04 16:00:00,-2.66,-7.5,0,0,0,0
2010-11-05 16:00:00,-1.53,-7.5,0,0,0,0
2010-11-08 16:00:00,-0.76,-8.85,0,-1344.21,94047,0
2010-11-09 16:00:00,-1.45,-9.48,0,-636.88,0,-92214
2010-11-10 16:00:00,-2.14,-9.48,0,0,0,0
2010-11-11 16:00:00,-1.84,-10.61,0,-1126.31,87692,0
2010-11-12 16:00:00,-7.94,-11.48,0,-866.91,0,-82236
2010-11-15 16:00:00,-7.29,-8.29,3181.66,0,81135,0
2010-11-16 16:00:00,-11.36,-7.88,414.12,0,0,-82984
2010-11-17 16:00:00,-13.19,-7.94,0,-60,0,0
2010-11-18 16:00:00,-11.96,-7.76,177,0,0,0
2010-11-19 16:00:00,-11.1,-7.2,558,0,0,0
2010-11-22 16:00:00,-11.29,-6.61,594,0,0,0
2010-11-23 16:00:00,-13.1,-6.9,0,-294,0,0
2010-11-24 16:00:00,-11.15,-6.68,222,0,0,0
2010-11-25 16:00:00,-9.85,-6.7,0,-20.66,0,-6663
2010-11-26 16:00:00,-10.65,-6.7,0,0,0,0
2010-11-29 16:00:00,-10.78,-6.7,0,0,0,0
2010-11-30 16:00:00,-12.27,-6.7,0,0,0,0
2010-12-01 16:00:00,-12.3,-6.7,0,0,0,0
2010-12-02 16:00:00,-11.76,-6.7,0,0,0,0
2010-12-03 16:00:00,-11.68,-6.7,0,0,0,0
2010-12-06 16:00:00,-11.47,-6.7,0,0,0,0
2010-12-07 16:00:00,-10.5,-6.7,0,0,0,0
2010-12-08 16:00:00,-11.29,-6.7,0,0,0,0
2010-12-09 16:00:00,-12.65,-6.7,0,0,0,0
2010-12-10 16:00:00,-11.57,-6.7,0,0,0,0
2010-12-13 16:00:00,-8.8,-6.7,0,0,0,0
2010-12-14 16:00:00,-8.56,-6.7,0,0,0,0
2010-12-15 16:00:00,-9.17,-6.7,0,0,0,0
2010-12-16 16:00:00,-9.65,-6.7,0,0,0,0
2010-12-17 16:00:00,-9.79,-6.7,0,0,0,0
2010-12-20 16:00:00,-11.1,-6.7,0,0,0,0
2010-12-21 16:00:00,-9.12,-6.7,0,0,0,0
2010-12-22 16:00:00,-10.07,-6.7,0,0,0,0
2010-12-23 16:00:00,-10.83,-6.7,0,0,0,0
2010-12-24 16:00:00,-11.54,-6.7,0,0,0,0
2010-12-27 16:00:00,-13.31,-6.7,0,0,0,0
2010-12-28 16:00:00,-14.84,-6.7,0,0,0,0
2010-12-29 16:00:00,-14.37,-6.7,0,0,0,0
2010-12-30 16:00:00,-14.31,-6.7,0,0,0,0
2010-12-31 16:00:00,-12.51,-6.7,0,0,0,0
2011-01-04 16:00:00,-10.8,-6.7,0,0,0,0
2011-01-05 16:00:00,-11.19,-6.7,0,0,0,0
2011-01-06 16:00:00,-11.64,-6.7,0,0,0,0
2011-01-07 16:00:00,-11.44,-6.7,0,0,0,0
2011-01-10 16:00:00,-13.07,-6.7,0,0,0,0
2011-01-11 16:00:00,-12.61,-6.7,0,0,0,0
2011-01-12 16:00:00,-12.12,-6.7,0,0,0,0
2011-01-13 16:00:00,-12.15,-6.7,0,0,0,0
2011-01-14 16:00:00,-13.53,-6.7,0,0,0,0
2011-01-17 16:00:00,-16.82,-6.7,0,0,0,0
2011-01-18 16:00:00,-16.73,-6.7,0,0,0,0
2011-01-19 16:00:00,-14.85,-6.7,0,0,0,0
2011-01-20 16:00:00,-17.65,-6.7,0,0,0,0
2011-01-21 16:00:00,-16.56,-6.7,0,0,0,0
2011-01-24 16:00:00,-17.38,-6.7,0,0,0,0
2011-01-25 16:00:00,-17.82,-6.7,0,0,0,0
2011-01-26 16:00:00,-16.7,-6.7,0,0,0,0
2011-01-27 16:00:00,-15.36,-6.7,0,0,0,0
2011-01-28 16:00:00,-15.07,-6.7,0,0,0,0
2011-01-31 16:00:00,-13.96,-6.7,0,0,0,0
2011-02-01 16:00:00,-13.94,-6.7,0,0,0,0
2011-02-09 16:00:00,-14.95,-6.7,0,0,0,0
2011-02-10 16:00:00,-13.19,-6.7,0,0,0,0
2011-02-11 16:00:00,-12.72,-6.7,0,0,0,0
2011-02-14 16:00:00,-9.97,-6.7,0,0,0,0
2011-02-15 16:00:00,-10.01,-6.7,0,0,0,0
2011-02-16 16:00:00,-9.15,-6.7,0,0,0,0
2011-02-17 16:00:00,-9.22,-6.7,0,0,0,0
2011-02-18 16:00:00,-10.17,-6.7,0,0,0,0
2011-02-21 16:00:00,-8.89,-6.7,0,0,0,0
2011-02-22 16:00:00,-11.53,-6.7,0,0,0,0
2011-02-23 16:00:00,-11.21,-6.7,0,0,0,0
2011-02-24 16:00:00,-10.76,-6.7,0,0,0,0
2011-02-25 16:00:00,-10.57,-6.7,0,0,0,0
2011-02-28 16:00:00,-9.4,-6.7,0,0,0,0
2011-03-01 16:00:00,-8.97,-6.7,0,0,0,0
2011-03-02 16:00:00,-9.3,-6.7,0,0,0,0
2011-03-03 16:00:00,-9.9,-6.7,0,0,0,0
2011-03-04 16:00:00,-8.53,-6.7,0,0,0,0
2011-03-07 16:00:00,-6.74,-6.7,0,0,0,0
2011-03-08 16:00:00,-6.66,-6.7,0,0,0,0
2011-03-09 16:00:00,-6.62,-6.7,0,0,0,0
2011-03-10 16:00:00,-8.26,-6.7,0,0,0,0
2011-03-11 16:00:00,-9.18,-6.7,0,0,0,0
2011-03-14 16:00:00,-8.75,-6.7,0,0,0,0
2011-03-15 16:00:00,-10.4,-6.7,0,0,0,0
2011-03-16 16:00:00,-9.16,-6.7,0,0,0,0
2011-03-17 16:00:00,-10.59,-6.7,0,0,0,0
2011-03-18 16:00:00,-10.07,-6.7,0,0,0,0
2011-03-21 16:00:00,-10.31,-6.7,0,0,0,0
2011-03-22 16:00:00,-9.86,-6.7,0,0,0,0
2011-03-23 16:00:00,-8.69,-6.7,0,0,0,0
2011-03-24 16:00:00,-9.07,-6.7,0,0,0,0
2011-03-25 16:00:00,-7.86,-6.7,0,0,0,0
2011-03-28 16:00:00,-7.97,-6.7,0,0,0,0
2011-03-29 16:00:00,-8.89,-6.7,0,0,0,0
2011-03-30 16:00:00,-8.94,-6.7,0,0,0,0
2011-03-31 16:00:00,-9.86,-6.7,0,0,0,0
2011-04-01 16:00:00,-8.47,-6.7,0,0,0,0
2011-04-06 16:00:00,-7.4,-6.7,0,0,0,0
2011-04-07 16:00:00,-7.03,-6.7,0,0,0,0
2011-04-08 16:00:00,-6.22,-6.7,0,0,0,0
2011-04-11 16:00:00,-6.78,-6.7,0,0,0,0
2011-04-12 16:00:00,-6.96,-6.7,0,0,0,0
2011-04-13 16:00:00,-5.7,-6.7,0,0,0,0
2011-04-14 16:00:00,-6.21,-6.7,0,0,0,0
2011-04-15 16:00:00,-6.06,-6.7,0,0,0,0
2011-04-18 16:00:00,-6.05,-6.7,0,0,0,0
2011-04-19 16:00:00,-7.83,-6.7,0,0,0,0
2011-04-20 16:00:00,-7.83,-6.7,0,0,0,0
2011-04-21 16:00:00,-7.22,-6.7,0,0,0,0
2011-04-22 16:00:00,-7.71,-6.7,0,0,0,0
2011-04-25 16:00:00,-9.12,-6.7,0,0,0,0
2011-04-26 16:00:00,-9.64,-6.7,0,0,0,0
2011-04-27 16:00:00,-10.24,-6.7,0,0,0,0
2011-04-28 16:00:00,-11.58,-6.7,0,0,0,0
2011-04-29 16:00:00,-10.71,-6.7,0,0,0,0
2011-05-03 16:00:00,-10.2,-6.7,0,0,0,0
2011-05-04 16:00:00,-12.49,-6.7,0,0,0,0
2011-05-05 16:00:00,-12.57,-6.7,0,0,0,0
2011-05-06 16:00:00,-12.7,-6.7,0,0,0,0
2011-05-09 16:00:00,-12.47,-6.7,0,0,0,0
2011-05-10 16:00:00,-11.81,-6.7,0,0,0,0
2011-05-11 16:00:00,-12.04,-6.7,0,0,0,0
2011-05-12 16:00:00,-13.26,-6.7,0,0,0,0
2011-05-13 16:00:00,-12.52,-6.7,0,0,0,0
2011-05-16 16:00:00,-13.29,-6.7,0,0,0,0
2011-05-17 16:00:00,-12.86,-6.7,0,0,0,0
2011-05-18 16:00:00,-12.2,-6.7,0,0,0,0
2011-05-19 16:00:00,-12.73,-6.7,0,0,0,0
2011-05-20 16:00:00,-12.7,-6.7,0,0,0,0
2011-05-23 16:00:00,-15.46,-6.7,0,0,0,0
2011-05-24 16:00:00,-15.37,-6.7,0,0,0,0
2011-05-25 16:00:00,-16.37,-6.7,0,0,0,0
2011-05-26 16:00:00,-16.7,-6.7,0,0,0,0
2011-05-27 16:00:00,-17.13,-6.7,0,0,0,0
2011-05-30 16:00:00,-17.37,-6.7,0,0,0,0
2011-05-31 16:00:00,-16.06,-6.7,0,0,0,0
2011-06-01 16:00:00,-15.98,-6.7,0,0,0,0
2011-06-02 16:00:00,-17.34,-6.7,0,0,0,0
2011-06-03 16:00:00,-16.48,-6.7,0,0,0,0
2011-06-07 16:00:00,-15.98,-6.7,0,0,0,0
2011-06-08 16:00:00,-15.86,-6.7,0,0,0,0
2011-06-09 16:00:00,-17.45,-6.7,0,0,0,0
2011-06-10 16:00:00,-17.16,-6.7,0,0,0,0
2011-06-13 16:00:00,-17.49,-6.7,0,0,0,0
2011-06-14 16:00:00,-16.28,-6.7,0,0,0,0
2011-06-15 16:00:00,-17.13,-6.7,0,0,0,0
2011-06-16 16:00:00,-18.41,-6.7,0,0,0,0
2011-06-17 16:00:00,-19.12,-6.7,0,0,0,0
2011-06-20 16:00:00,-19.6,-6.7,0,0,0,0
2011-06-21 16:00:00,-18.64,-6.7,0,0,0,0
2011-06-22 16:00:00,-18.66,-6.7,0,0,0,0
2011-06-23 16:00:00,-17.28,-6.7,0,0,0,0
2011-06-24 16:00:00,-15.33,-6.7,0,0,0,0
2011-06-27 16:00:00,-15.08,-6.7,0,0,0,0
2011-06-28 16:00:00,-14.93,-6.7,0,0,0,0
2011-06-29 16:00:00,-16.1,-6.7,0,0,0,0
2011-06-30 16:00:00,-14.87,-6.7,0,0,0,0
2011-07-01 16:00:00,-14.71,-6.7,0,0,0,0
2011-07-04 16:00:00,-12.69,-6.7,0,0,0,0
2011-07-05 16:00:00,-12.67,-6.7,0,0,0,0
2011-07-06 16:00:00,-12.92,-6.7,0,0,0,0
2011-07-07 16:00:00,-13.26,-6.7,0,0,0,0
2011-07-08 16:00:00,-13.05,-6.7,0,0,0,0
2011-07-11 16:00:00,-12.93,-6.7,0,0,0,0
2011-07-12 16:00:00,-14.51,-6.7,0,0,0,0
2011-07-13 16:00:00,-13.13,-6.7,0,0,0,0
2011-07-14 16:00:00,-12.86,-6.7,0,0,0,0
2011-07-15 16:00:00,-12.5,-6.7,0,0,0,0
2011-07-18 16:00:00,-12.67,-6.7,0,0,0,0
2011-07-19 16:00:00,-13.44,-6.7,0,0,0,0
2011-07-20 16:00:00,-13.54,-6.7,0,0,0,0
2011-07-21 16:00:00,-14.45,-6.7,0,0,0,0
2011-07-22 16:00:00,-14.2,-6.7,0,0,0,0
2011-07-25 16:00:00,-16.99,-6.7,0,0,0,0
2011-07-26 16:00:00,-16.72,-6.7,0,0,0,0
2011-07-27 16:00:00,-16.1,-6.7,0,0,0,0
2011-07-28 16:00:00,-16.63,-6.7,0,0,0,0
2011-07-29 16:00:00,-16.88,-6.7,0,0,0,0
2011-08-01 16:00:00,-16.72,-6.7,0,0,0,0
2011-08-02 16:00:00,-17.32,-6.7,0,0,0,0
2011-08-03 16:00:00,-17.36,-6.7,0,0,0,0
2011-08-04 16:00:00,-17.21,-6.7,0,0,0,0
2011-08-05 16:00:00,-18.97,-6.7,0,0,0,0
2011-08-08 16:00:00,-21.86,-6.7,0,0,0,0
2011-08-09 16:00:00,-21.74,-6.7,0,0,0,0
2011-08-10 16:00:00,-21.02,-6.7,0,0,0,0
2011-08-11 16:00:00,-19.82,-6.7,0,0,0,0
2011-08-12 16:00:00,-19.59,-6.7,0,0,0,0
2011-08-15 16:00:00,-18.4,-6.7,0,0,0,0
2011-08-16 16:00:00,-18.96,-6.7,0,0,0,0
2011-08-17 16:00:00,-19.29,-6.7,0,0,0,0
2011-08-18 16:00:00,-20.74,-6.7,0,0,0,0
2011-08-19 16:00:00,-21.48,-6.7,0,0,0,0
2011-08-22 16:00:00,-22.31,-6.7,0,0,0,0
2011-08-23 16:00:00,-21.11,-6.7,0,0,0,0
2011-08-24 16:00:00,-21.41,-6.7,0,0,0,0
2011-08-25 16:00:00,-18.79,-6.7,0,0,0,0
2011-08-26 16:00:00,-18.86,-6.7,0,0,0,0
2011-08-29 16:00:00,-20.22,-6.7,0,0,0,0
2011-08-30 16:00:00,-20.53,-6.7,0,0,0,0
2011-08-31 16:00:00,-20.39,-6.7,0,0,0,0
2011-09-01 16:00:00,-20.73,-6.7,0,0,0,0
2011-09-02 16:00:00,-21.59,-6.7,0,0,0,0
2011-09-05 16:00:00,-23.26,-6.7,0,0,0,0
2011-09-06 16:00:00,-23.84,-6.7,0,0,0,0
2011-09-07 16:00:00,-22.28,-6.7,0,0,0,0
2011-09-08 16:00:00,-22.92,-6.7,0,0,0,0
2011-09-09 16:00:00,-23.06,-6.7,0,0,0,0
2011-09-13 16:00:00,-23.92,-6.7,0,0,0,0
2011-09-14 16:00:00,-23.56,-6.7,0,0,0,0
2011-09-15 16:00:00,-23.68,-6.7,0,0,0,0
2011-09-16 16:00:00,-23.54,-6.7,0,0,0,0
2011-09-19 16:00:00,-25.07,-6.7,0,0,0,0
2011-09-20 16:00:00,-24.77,-6.7,0,0,0,0
2011-09-21 16:00:00,-22.5,-6.7,0,0,0,0
2011-09-22 16:00:00,-24.89,-6.7,0,0,0,0
2011-09-23 16:00:00,-25.34,-6.7,0,0,0,0
2011-09-26 16:00:00,-26.98,-6.7,0,0,0,0
2011-09-27 16:00:00,-26.23,-6.7,0,0,0,0
2011-09-28 16:00:00,-26.99,-6.7,0,0,0,0
2011-09-29 16:00:00,-27.62,-6.7,0,0,0,0
2011-09-30 16:00:00,-27.81,-6.7,0,0,0,0
2011-10-10 16:00:00,-28.49,-6.7,0,0,0,0
2011-10-11 16:00:00,-28.63,-6.7,0,0,0,0
2011-10-12 16:00:00,-26.03,-6.7,0,0,0,0
2011-10-13 16:00:00,-25.54,-6.7,0,0,0,0
2011-10-14 16:00:00,-25.78,-6.7,0,0,0,0
2011-10-17 16:00:00,-25.41,-6.7,0,0,0,0
2011-10-18 16:00:00,-27.5,-6.7,0,0,0,0
2011-10-19 16:00:00,-27.76,-6.7,0,0,0,0
2011-10-20 16:00:00,-29.51,-6.7,0,0,0,0
2011-10-21 16:00:00,-29.86,-6.7,0,0,0,0
2011-10-24 16:00:00,-27.94,-6.7,0,0,0,0
2011-10-25 16:00:00,-26.58,-6.7,0,0,0,0
2011-10-26 16:00:00,-25.84,-6.7,0,0,0,0
2011-10-27 16:00:00,-25.68,-6.7,0,0,0,0
2011-10-28 16:00:00,-24.24,-6.7,0,0,0,0
2011-10-31 16:00:00,-24.62,-6.7,0,0,0,0
2011-11-01 16:00:00,-24.56,-6.7,0,0,0,0
2011-11-02 16:00:00,-23.3,-6.7,0,0,0,0
2011-11-03 16:00:00,-23.25,-6.7,0,0,0,0
2011-11-04 16:00:00,-22.71,-6.7,0,0,0,0
2011-11-07 16:00:00,-23.48,-6.7,0,0,0,0
2011-11-08 16:00:00,-23.72,-6.7,0,0,0,0
2011-11-09 16:00:00,-23.05,-6.7,0,0,0,0
2011-11-10 16:00:00,-24.5,-6.7,0,0,0,0
2011-11-11 16:00:00,-24.63,-6.7,0,0,0,0
2011-11-14 16:00:00,-23.09,-6.7,0,0,0,0
2011-11-15 16:00:00,-23.24,-6.7,0,0,0,0
2011-11-16 16:00:00,-25.33,-6.7,0,0,0,0
2011-11-17 16:00:00,-25.55,-6.7,0,0,0,0
2011-11-18 16:00:00,-27.1,-6.7,0,0,0,0
2011-11-21 16:00:00,-27.02,-6.7,0,0,0,0
2011-11-22 16:00:00,-27.02,-6.7,0,0,0,0
2011-11-23 16:00:00,-27.73,-6.7,0,0,0,0
2011-11-24 16:00:00,-27.6,-6.7,0,0,0,0
2011-11-25 16:00:00,-28.13,-6.7,0,0,0,0
2011-11-28 16:00:00,-28.03,-6.7,0,0,0,0
2011-11-29 16:00:00,-27.05,-6.7,0,0,0,0
2011-11-30 16:00:00,-29.48,-6.7,0,0,0,0
2011-12-01 16:00:00,-27.74,-6.7,0,0,0,0
2011-12-02 16:00:00,-28.48,-6.7,0,0,0,0
2011-12-05 16:00:00,-29.49,-6.7,0,0,0,0
2011-12-06 16:00:00,-29.63,-6.7,0,0,0,0
2011-12-07 16:00:00,-29.29,-6.7,0,0,0,0
2011-12-08 16:00:00,-29.38,-6.7,0,0,0,0
2011-12-09 16:00:00,-29.99,-6.7,0,0,0,0
2011-12-12 16:00:00,-30.71,-6.7,0,0,0,0
2011-12-13 16:00:00,-32.27,-6.7,0,0,0,0
2011-12-14 16:00:00,-32.95,-6.7,0,0,0,0
2011-12-15 16:00:00,-34.54,-6.7,0,0,0,0
2011-12-16 16:00:00,-33.16,-6.7,0,0,0,0
2011-12-19 16:00:00,-33.32,-6.7,0,0,0,0
2011-12-20 16:00:00,-33.52,-6.7,0,0,0,0
2011-12-21 16:00:00,-34.58,-6.7,0,0,0,0
2011-12-22 16:00:00,-34.52,-6.7,0,0,0,0
2011-12-23 16:00:00,-34.02,-6.7,0,0,0,0
2011-12-26 16:00:00,-34.68,-6.7,0,0,0,0
2011-12-27 16:00:00,-35.54,-6.7,0,0,0,0
2011-12-28 16:00:00,-35.45,-6.7,0,0,0,0
2011-12-29 16:00:00,-35.36,-6.7,0,0,0,0
2011-12-30 16:00:00,-34.4,-6.7,0,0,0,0
2012-01-04 16:00:00,-35.71,-6.7,0,0,0,0
2012-01-05 16:00:00,-36.34,-6.7,0,0,0,0
2012-01-06 16:00:00,-35.94,-6.7,0,0,0,0
2012-01-09 16:00:00,-33.76,-6.7,0,0,0,0
2012-01-10 16:00:00,-31.56,-6.7,0,0,0,0
2012-01-11 16:00:00,-31.88,-6.7,0,0,0,0
2012-01-12 16:00:00,-31.9,-6.7,0,0,0,0
2012-01-13 16:00:00,-33.04,-6.7,0,0,0,0
2012-01-16 16:00:00,-34.4,-6.7,0,0,0,0
2012-01-17 16:00:00,-31.19,-6.7,0,0,0,0
2012-01-18 16:00:00,-32.26,-6.7,0,0,0,0
2012-01-19 16:00:00,-30.97,-6.7,0,0,0,0
2012-01-20 16:00:00,-29.97,-6.7,0,0,0,0
2012-01-30 16:00:00,-31.18,-6.7,0,0,0,0
2012-01-31 16:00:00,-31.08,-6.7,0,0,0,0
2012-02-01 16:00:00,-32.07,-6.7,0,0,0,0
2012-02-02 16:00:00,-30.47,-6.7,0,0,0,0
2012-02-03 16:00:00,-29.91,-6.7,0,0,0,0
2012-02-06 16:00:00,-29.96,-6.7,0,0,0,0
2012-02-07 16:00:00,-31.26,-6.7,0,0,0,0
2012-02-08 16:00:00,-29.29,-6.7,0,0,0,0
2012-02-09 16:00:00,-29.27,-6.7,0,0,0,0
2012-02-10 16:00:00,-29.14,-6.7,0,0,0,0
2012-02-13 16:00:00,-29.19,-6.7,0,0,0,0
2012-02-14 16:00:00,-29.47,-6.7,0,0,0,0
2012-02-15 16:00:00,-28.7,-6.7,0,0,0,0
2012-02-16 16:00:00,-29.07,-6.7,0,0,0,0
2012-02-17 16:00:00,-29.05,-6.7,0,0,0,0
2012-02-20 16:00:00,-28.94,-6.7,0,0,0,0
2012-02-21 16:00:00,-28.34,-6.7,0,0,0,0
2012-02-22 16:00:00,-27.36,-6.7,0,0,0,0
2012-02-23 16:00:00,-27.11,-6.7,0,0,0,0
2012-02-24 16:00:00,-25.94,-6.7,0,0,0,0
2012-02-27 16:00:00,-25.7,-6.7,0,0,0,0
2012-02-28 16:00:00,-25.54,-6.7,0,0,0,0
2012-02-29 16:00:00,-26.33,-6.7,0,0,0,0
2012-03-01 16:00:00,-26.35,-6.7,0,0,0,0
2012-03-02 16:00:00,-25.05,-6.7,0,0,0,0
2012-03-05 16:00:00,-25.53,-6.7,0,0,0,0
2012-03-06 16:00:00,-26.7,-6.7,0,0,0,0
2012-03-07 16:00:00,-27.2,-6.7,0,0,0,0
2012-03-08 16:00:00,-26.29,-6.7,0,0,0,0
2012-03-09 16:00:00,-25.49,-6.7,0,0,0,0
2012-03-12 16:00:00,-25.77,-6.7,0,0,0,0
2012-03-13 16:00:00,-25.02,-6.7,0,0,0,0
2012-03-14 16:00:00,-27.14,-6.7,0,0,0,0
2012-03-15 16:00:00,-27.69,-6.7,0,0,0,0
2012-03-16 16:00:00,-26.63,-6.7,0,0,0,0
2012-03-19 16:00:00,-26.45,-6.7,0,0,0,0
2012-03-20 16:00:00,-27.72,-6.7,0,0,0,0
2012-03-21 16:00:00,-27.63,-6.7,0,0,0,0
2012-03-22 16:00:00,-27.74,-6.7,0,0,0,0
2012-03-23 16:00:00,-28.6,-6.7,0,0,0,0
2012-03-26 16:00:00,-28.53,-6.7,0,0,0,0
2012-03-27 16:00:00,-28.76,-6.7,0,0,0,0
2012-03-28 16:00:00,-30.79,-6.7,0,0,0,0
2012-03-29 16:00:00,-31.67,-6.7,0,0,0,0
2012-03-30 16:00:00,-31.34,-6.7,0,0,0,0
2012-04-05 16:00:00,-29.72,-6.7,0,0,0,0
2012-04-06 16:00:00,-29.53,-6.7,0,0,0,0
2012-04-09 16:00:00,-30.22,-6.7,0,0,0,0
2012-04-10 16:00:00,-29.53,-6.7,0,0,0,0
2012-04-11 16:00:00,-29.52,-6.7,0,0,0,0
2012-04-12 16:00:00,-28.11,-6.7,0,0,0,0
2012-04-13 16:00:00,-27.83,-6.7,0,0,0,0
2012-04-16 16:00:00,-28.01,-6.7,0,0,0,0
2012-04-17 16:00:00,-28.91,-6.7,0,0,0,0
2012-04-18 16:00:00,-27.29,-6.7,0,0,0,0
2012-04-19 16:00:00,-27.4,-6.7,0,0,0,0
2012-04-20 16:00:00,-26.54,-6.7,0,0,0,0
2012-04-23 16:00:00,-27.12,-6.7,0,0,0,0
2012-04-24 16:00:00,-27.15,-6.7,0,0,0,0
2012-04-25 16:00:00,-26.56,-6.7,0,0,0,0
2012-04-26 16:00:00,-26.41,-6.7,0,0,0,0
2012-04-27 16:00:00,-26.56,-6.7,0,0,0,0
2012-05-02 16:00:00,-24.95,-6.7,0,0,0,0
2012-05-03 16:00:00,-24.73,-6.7,0,0,0,0
2012-05-04 16:00:00,-24.05,-6.7,0,0,0,0
2012-05-07 16:00:00,-23.99,-6.7,0,0,0,0
2012-05-08 16:00:00,-24.24,-6.7,0,0,0,0
2012-05-09 16:00:00,-25.68,-6.7,0,0,0,0
2012-05-10 16:00:00,-25.69,-6.7,0,0,0,0
2012-05-11 16:00:00,-26.25,-6.7,0,0,0,0
2012-05-14 16:00:00,-26.85,-6.7,0,0,0,0
2012-05-15 16:00:00,-26.8,-6.7,0,0,0,0
2012-05-16 16:00:00,-28,-6.7,0,0,0,0
2012-05-17 16:00:00,-26.9,-6.7,0,0,0,0
2012-05-18 16:00:00,-28.01,-6.7,0,0,0,0
2012-05-21 16:00:00,-27.64,-6.7,0,0,0,0
2012-05-22 16:00:00,-26.52,-6.7,0,0,0,0
2012-05-23 16:00:00,-26.81,-6.7,0,0,0,0
2012-05-24 16:00:00,-27.42,-6.7,0,0,0,0
2012-05-25 16:00:00,-28.04,-6.7,0,0,0,0
2012-05-28 16:00:00,-26.88,-6.7,0,0,0,0
2012-05-29 16:00:00,-25.86,-6.7,0,0,0,0
2012-05-30 16:00:00,-26.1,-6.7,0,0,0,0
2012-05-31 16:00:00,-26.39,-6.7,0,0,0,0
2012-06-01 16:00:00,-26.36,-6.7,0,0,0,0
2012-06-04 16:00:00,-28.43,-6.7,0,0,0,0
2012-06-05 16:00:00,-28.44,-6.7,0,0,0,0
2012-06-06 16:00:00,-28.48,-6.7,0,0,0,0
2012-06-07 16:00:00,-28.9,-6.7,0,0,0,0
2012-06-08 16:00:00,-29.4,-6.7,0,0,0,0
2012-06-11 16:00:00,-28.45,-6.7,0,0,0,0
2012-06-12 16:00:00,-28.96,-6.7,0,0,0,0
2012-06-13 16:00:00,-27.83,-6.7,0,0,0,0
2012-06-14 16:00:00,-28.39,-6.7,0,0,0,0
2012-06-15 16:00:00,-28.18,-6.7,0,0,0,0
2012-06-18 16:00:00,-27.81,-6.7,0,0,0,0
2012-06-19 16:00:00,-28.44,-6.7,0,0,0,0
2012-06-20 16:00:00,-28.61,-6.7,0,0,0,0
2012-06-21 16:00:00,-29.74,-6.7,0,0,0,0
2012-06-25 16:00:00,-31.3,-6.7,0,0,0,0
2012-06-26 16:00:00,-31.34,-6.7,0,0,0,0
2012-06-27 16:00:00,-31.56,-6.7,0,0,0,0
2012-06-28 16:00:00,-32.16,-6.7,0,0,0,0
2012-06-29 16:00:00,-31.16,-6.7,0,0,0,0
2012-07-02 16:00:00,-31.06,-6.7,0,0,0,0
2012-07-03 16:00:00,-30.96,-6.7,0,0,0,0
2012-07-04 16:00:00,-31.06,-6.7,0,0,0,0
2012-07-05 16:00:00,-32.03,-6.7,0,0,0,0
2012-07-06 16:00:00,-30.85,-6.7,0,0,0,0
2012-07-09 16:00:00,-32.43,-6.7,0,0,0,0
2012-07-10 16:00:00,-32.69,-6.7,0,0,0,0
2012-07-11 16:00:00,-32.16,-6.7,0,0,0,0
2012-07-12 16:00:00,-31.5,-6.7,0,0,0,0
2012-07-13 16:00:00,-31.46,-6.7,0,0,0,0
2012-07-16 16:00:00,-32.89,-6.7,0,0,0,0
2012-07-17 16:00:00,-32.48,-6.7,0,0,0,0
2012-07-18 16:00:00,-32.48,-6.7,0,0,0,0
2012-07-19 16:00:00,-32.2,-6.7,0,0,0,0
2012-07-20 16:00:00,-32.92,-6.7,0,0,0,0
2012-07-23 16:00:00,-33.85,-6.7,0,0,0,0
2012-07-24 16:00:00,-33.55,-6.7,0,0,0,0
2012-07-25 16:00:00,-34,-6.7,0,0,0,0
2012-07-26 16:00:00,-34.35,-6.7,0,0,0,0
2012-07-27 16:00:00,-34.3,-6.7,0,0,0,0
2012-07-30 16:00:00,-34.68,-6.7,0,0,0,0
2012-07-31 16:00:00,-34.76,-6.7,0,0,0,0
2012-08-01 16:00:00,-34.04,-6.7,0,0,0,0
2012-08-02 16:00:00,-34.7,-6.7,0,0,0,0
2012-08-03 16:00:00,-34.17,-6.7,0,0,0,0
2012-08-06 16:00:00,-33.28,-6.7,0,0,0,0
2012-08-07 16:00:00,-33.19,-6.7,0,0,0,0
2012-08-08 16:00:00,-33.17,-6.7,0,0,0,0
2012-08-09 16:00:00,-32.55,-6.7,0,0,0,0
2012-08-10 16:00:00,-32.89,-6.7,0,0,0,0
2012-08-13 16:00:00,-34.22,-6.7,0,0,0,0
2012-08-14 16:00:00,-34.08,-6.7,0,0,0,0
2012-08-15 16:00:00,-34.79,-6.7,0,0,0,0
2012-08-16 16:00:00,-35.13,-6.7,0,0,0,0
2012-08-17 16:00:00,-35.3,-6.7,0,0,0,0
2012-08-20 16:00:00,-35.63,-6.7,0,0,0,0
2012-08-21 16:00:00,-35.29,-6.7,0,0,0,0
2012-08-22 16:00:00,-35.8,-6.7,0,0,0,0
2012-08-23 16:00:00,-35.62,-6.7,0,0,0,0
2012-08-24 16:00:00,-36.36,-6.7,0,0,0,0
2012-08-27 16:00:00,-37.68,-6.7,0,0,0,0
2012-08-28 16:00:00,-37.4,-6.7,0,0,0,0
2012-08-29 16:00:00,-38.06,-6.7,0,0,0,0
2012-08-30 16:00:00,-38.16,-6.7,0,0,0,0
2012-08-31 16:00:00,-38.34,-6.7,0,0,0,0
2012-09-03 16:00:00,-37.68,-6.7,0,0,0,0
2012-09-04 16:00:00,-38.35,-6.7,0,0,0,0
2012-09-05 16:00:00,-38.48,-6.7,0,0,0,0
2012-09-06 16:00:00,-37.97,-6.7,0,0,0,0
2012-09-07 16:00:00,-35.2,-6.7,0,0,0,0
2012-09-10 16:00:00,-34.93,-6.7,0,0,0,0
2012-09-11 16:00:00,-35.34,-6.7,0,0,0,0
2012-09-12 16:00:00,-35.12,-6.7,0,0,0,0
2012-09-13 16:00:00,-35.72,-6.7,0,0,0,0
2012-09-14 16:00:00,-35.24,-6.7,0,0,0,0
2012-09-17 16:00:00,-36.83,-6.7,0,0,0,0
2012-09-18 16:00:00,-37.49,-6.7,0,0,0,0
2012-09-19 16:00:00,-37.18,-6.7,0,0,0,0
2012-09-20 16:00:00,-38.59,-6.7,0,0,0,0
2012-09-21 16:00:00,-38.5,-6.7,0,0,0,0
2012-09-24 16:00:00,-38.04,-6.7,0,0,0,0
2012-09-25 16:00:00,-38.19,-6.7,0,0,0,0
2012-09-26 16:00:00,-38.9,-6.7,0,0,0,0
2012-09-27 16:00:00,-37.03,-6.7,0,0,0,0
2012-09-28 16:00:00,-35.87,-6.7,0,0,0,0
2012-10-08 16:00:00,-36.51,-6.7,0,0,0,0
2012-10-09 16:00:00,-35.11,-6.7,0,0,0,0
2012-10-10 16:00:00,-35,-6.7,0,0,0,0
2012-10-11 16:00:00,-35.61,-6.7,0,0,0,0
2012-10-12 16:00:00,-35.55,-6.7,0,0,0,0
2012-10-15 16:00:00,-35.82,-6.7,0,0,0,0
2012-10-16 16:00:00,-35.73,-6.7,0,0,0,0
2012-10-17 16:00:00,-35.65,-6.7,0,0,0,0
2012-10-18 16:00:00,-34.67,-6.7,0,0,0,0
2012-10-19 16:00:00,-34.77,-6.7,0,0,0,0
2012-10-22 16:00:00,-34.51,-6.7,0,0,0,0
2012-10-23 16:00:00,-35.34,-6.7,0,0,0,0
2012-10-24 16:00:00,-35.46,-6.7,0,0,0,0
2012-10-25 16:00:00,-35.92,-6.7,0,0,0,0
2012-10-26 16:00:00,-37.13,-6.7,0,0,0,0
2012-10-29 16:00:00,-37.47,-6.7,0,0,0,0
2012-10-30 16:00:00,-37.36,-6.7,0,0,0,0
2012-10-31 16:00:00,-36.94,-6.7,0,0,0,0
2012-11-01 16:00:00,-35.74,-6.7,0,0,0,0
2012-11-02 16:00:00,-35.49,-6.7,0,0,0,0
2012-11-05 16:00:00,-35.62,-6.7,0,0,0,0
2012-11-06 16:00:00,-35.89,-6.7,0,0,0,0
2012-11-07 16:00:00,-36.03,-6.7,0,0,0,0
2012-11-08 16:00:00,-37.2,-6.7,0,0,0,0
2012-11-09 16:00:00,-37.33,-6.7,0,0,0,0
2012-11-12 16:00:00,-37.02,-6.7,0,0,0,0
2012-11-13 16:00:00,-38.13,-6.7,0,0,0,0
2012-11-14 16:00:00,-37.83,-6.7,0,0,0,0
2012-11-15 16:00:00,-38.65,-6.7,0,0,0,0
2012-11-16 16:00:00,-39.11,-6.7,0,0,0,0
2012-11-19 16:00:00,-39.17,-6.7,0,0,0,0
2012-11-20 16:00:00,-39.46,-6.7,0,0,0,0
2012-11-21 16:00:00,-38.62,-6.7,0,0,0,0
2012-11-22 16:00:00,-39.1,-6.7,0,0,0,0
2012-11-23 16:00:00,-38.68,-6.7,0,0,0,0
2012-11-26 16:00:00,-39.16,-6.7,0,0,0,0
2012-11-27 16:00:00,-39.85,-6.7,0,0,0,0
2012-11-28 16:00:00,-40.45,-6.7,0,0,0,0
2012-11-29 16:00:00,-40.83,-6.7,0,0,0,0
2012-11-30 16:00:00,-40.16,-6.7,0,0,0,0
2012-12-03 16:00:00,-41.02,-6.7,0,0,0,0
2012-12-04 16:00:00,-40.39,-6.7,0,0,0,0
2012-12-05 16:00:00,-38.25,-6.7,0,0,0,0
2012-12-06 16:00:00,-38.37,-6.7,0,0,0,0
2012-12-07 16:00:00,-37.17,-6.7,0,0,0,0
2012-12-10 16:00:00,-36.49,-6.7,0,0,0,0
2012-12-11 16:00:00,-36.84,-6.7,0,0,0,0
2012-12-12 16:00:00,-36.58,-6.7,0,0,0,0
2012-12-13 16:00:00,-37.28,-6.7,0,0,0,0
2012-12-14 16:00:00,-34.11,-6.7,0,0,0,0
2012-12-17 16:00:00,-33.81,-6.7,0,0,0,0
2012-12-18 16:00:00,-33.77,-6.7,0,0,0,0
2012-12-19 16:00:00,-33.69,-6.7,0,0,0,0
2012-12-20 16:00:00,-33.3,-6.7,0,0,0,0
2012-12-21 16:00:00,-33.66,-6.7,0,0,0,0
2012-12-24 16:00:00,-33.41,-6.7,0,0,0,0
2012-12-25 16:00:00,-31.53,-6.7,0,0,0,0
2012-12-26 16:00:00,-31.27,-6.7,0,0,0,0
2012-12-27 16:00:00,-31.63,-6.7,0,0,0,0
2012-12-28 16:00:00,-30.64,-6.7,0,0,0,0
2012-12-31 16:00:00,-29.44,-6.7,0,0,0,0
2013-01-04 16:00:00,-29.4,-6.7,0,0,0,0
2013-01-07 16:00:00,-29.08,-6.7,0,0,0,0
2013-01-08 16:00:00,-29.37,-6.7,0,0,0,0
2013-01-09 16:00:00,-29.35,-6.7,0,0,0,0
2013-01-10 16:00:00,-29.23,-6.7,0,0,0,0
2013-01-11 16:00:00,-30.55,-6.7,0,0,0,0
2013-01-14 16:00:00,-27.91,-6.7,0,0,0,0
2013-01-15 16:00:00,-27.4,-6.7,0,0,0,0
2013-01-16 16:00:00,-27.93,-6.7,0,0,0,0
2013-01-17 16:00:00,-28.61,-6.7,0,0,0,0
2013-01-18 16:00:00,-27.41,-6.7,0,0,0,0
2013-01-21 16:00:00,-26.98,-6.7,0,0,0,0
2013-01-22 16:00:00,-27.37,-6.7,0,0,0,0
2013-01-23 16:00:00,-27.08,-6.7,0,0,0,0
2013-01-24 16:00:00,-27.77,-6.7,0,0,0,0
2013-01-25 16:00:00,-28.08,-6.7,0,0,0,0
2013-01-28 16:00:00,-25.84,-6.7,0,0,0,0
2013-01-29 16:00:00,-25.16,-6.7,0,0,0,0
2013-01-30 16:00:00,-24.81,-6.7,0,0,0,0
2013-01-31 16:00:00,-24.86,-6.7,0,0,0,0
2013-02-01 16:00:00,-23.28,-6.7,0,0,0,0
2013-02-04 16:00:00,-23.15,-6.7,0,0,0,0
2013-02-05 16:00:00,-22.49,-6.7,0,0,0,0
2013-02-06 16:00:00,-22.37,-6.7,0,0,0,0
2013-02-07 16:00:00,-22.82,-6.7,0,0,0,0
2013-02-08 16:00:00,-22.48,-6.7,0,0,0,0
2013-02-18 16:00:00,-23.44,-6.7,0,0,0,0
2013-02-19 16:00:00,-24.89,-6.7,0,0,0,0
2013-02-20 16:00:00,-24.42,-6.7,0,0,0,0
2013-02-21 16:00:00,-26.99,-6.7,0,0,0,0
2013-02-22 16:00:00,-27.38,-6.7,0,0,0,0
2013-02-25 16:00:00,-27.15,-6.7,0,0,0,0
2013-02-26 16:00:00,-28.19,-6.7,0,0,0,0
2013-02-27 16:00:00,-27.44,-6.7,0,0,0,0
2013-02-28 16:00:00,-25.24,-6.7,0,0,0,0
2013-03-01 16:00:00,-25.36,-6.7,0,0,0,0
2013-03-04 16:00:00,-28.8,-6.7,0,0,0,0
2013-03-05 16:00:00,-26.65,-6.7,0,0,0,0
2013-03-06 16:00:00,-25.88,-6.7,0,0,0,0
2013-03-07 16:00:00,-26.74,-6.7,0,0,0,0
2013-03-08 16:00:00,-27.09,-6.7,0,0,0,0
2013-03-11 16:00:00,-27.5,-6.7,0,0,0,0
2013-03-12 16:00:00,-28.53,-6.7,0,0,0,0
2013-03-13 16:00:00,-29.31,-6.7,0,0,0,0
2013-03-14 16:00:00,-29.12,-6.7,0,0,0,0
2013-03-15 16:00:00,-28.97,-6.7,0,0,0,0
2013-03-18 16:00:00,-30.01,-6.7,0,0,0,0
2013-03-19 16:00:00,-29.38,-6.7,0,0,0,0
2013-03-20 16:00:00,-27,-6.7,0,0,0,0
2013-03-21 16:00:00,-26.87,-6.7,0,0,0,0
2013-03-22 16:00:00,-26.77,-6.7,0,0,0,0
2013-03-25 16:00:00,-26.92,-6.7,0,0,0,0
2013-03-26 16:00:00,-27.98,-6.7,0,0,0,0
2013-03-27 16:00:00,-27.75,-6.7,0,0,0,0
2013-03-28 16:00:00,-30.1,-6.7,0,0,0,0
2013-03-29 16:00:00,-30.22,-6.7,0,0,0,0
2013-04-01 16:00:00,-30.27,-6.7,0,0,0,0
2013-04-02 16:00:00,-30.46,-6.7,0,0,0,0
2013-04-03 16:00:00,-30.54,-6.7,0,0,0,0
2013-04-08 16:00:00,-30.86,-6.7,0,0,0,0
2013-04-09 16:00:00,-30.38,-6.7,0,0,0,0
2013-04-10 16:00:00,-30.49,-6.7,0,0,0,0
2013-04-11 16:00:00,-30.7,-6.7,0,0,0,0
2013-04-12 16:00:00,-31.14,-6.7,0,0,0,0
2013-04-15 16:00:00,-31.85,-6.7,0,0,0,0
2013-04-16 16:00:00,-31.21,-6.7,0,0,0,0
2013-04-17 16:00:00,-31.24,-6.7,0,0,0,0
2013-04-18 16:00:00,-31.07,-6.7,0,0,0,0
2013-04-19 16:00:00,-29.14,-6.7,0,0,0,0
2013-04-22 16:00:00,-29.23,-6.7,0,0,0,0
2013-04-23 16:00:00,-31.5,-6.7,0,0,0,0
2013-04-24 16:00:00,-30.21,-6.7,0,0,0,0
2013-04-25 16:00:00,-30.98,-6.7,0,0,0,0
2013-04-26 16:00:00,-31.56,-6.7,0,0,0,0
2013-05-02 16:00:00,-31.49,-6.7,0,0,0,0
2013-05-03 16:00:00,-30.28,-6.7,0,0,0,0
2013-05-06 16:00:00,-29.36,-6.7,0,0,0,0
2013-05-07 16:00:00,-29.25,-6.7,0,0,0,0
2013-05-08 16:00:00,-28.89,-6.7,0,0,0,0
2013-05-09 16:00:00,-29.31,-6.7,0,0,0,0
2013-05-10 16:00:00,-28.94,-6.7,0,0,0,0
2013-05-13 16:00:00,-29.22,-6.7,0,0,0,0
2013-05-14 16:00:00,-30.27,-6.7,0,0,0,0
2013-05-15 16:00:00,-29.89,-6.7,0,0,0,0
2013-05-16 16:00:00,-28.61,-6.7,0,0,0,0
2013-05-17 16:00:00,-27.51,-6.7,0,0,0,0
2013-05-20 16:00:00,-27.02,-6.7,0,0,0,0
2013-05-21 16:00:00,-26.87,-6.7,0,0,0,0
2013-05-22 16:00:00,-26.78,-6.7,0,0,0,0
2013-05-23 16:00:00,-27.77,-6.7,0,0,0,0
2013-05-24 16:00:00,-27.36,-6.7,0,0,0,0
2013-05-27 16:00:00,-27.3,-6.7,0,0,0,0
2013-05-28 16:00:00,-26.05,-6.7,0,0,0,0
2013-05-29 16:00:00,-26.1,-6.7,0,0,0,0
2013-05-30 16:00:00,-26.33,-6.7,0,0,0,0
2013-05-31 16:00:00,-27.11,-6.7,0,0,0,0
2013-06-03 16:00:00,-27.21,-6.7,0,0,0,0
2013-06-04 16:00:00,-28.25,-6.7,0,0,0,0
2013-06-05 16:00:00,-28.39,-6.7,0,0,0,0
2013-06-06 16:00:00,-29.3,-6.7,0,0,0,0
2013-06-07 16:00:00,-30.53,-6.7,0,0,0,0
2013-06-13 16:00:00,-32.88,-6.7,0,0,0,0
2013-06-14 16:00:00,-32.41,-6.7,0,0,0,0
2013-06-17 16:00:00,-32.77,-6.7,0,0,0,0
2013-06-18 16:00:00,-32.36,-6.7,0,0,0,0
2013-06-19 16:00:00,-32.86,-6.7,0,0,0,0
2013-06-20 16:00:00,-35.08,-6.7,0,0,0,0
2013-06-21 16:00:00,-35.19,-6.7,0,0,0,0
2013-06-24 16:00:00,-39.28,-6.7,0,0,0,0
2013-06-25 16:00:00,-39.44,-6.7,0,0,0,0
2013-06-26 16:00:00,-39.36,-6.7,0,0,0,0
2013-06-27 16:00:00,-39.57,-6.7,0,0,0,0
2013-06-28 16:00:00,-38.46,-6.7,0,0,0,0
2013-07-01 16:00:00,-38.1,-6.7,0,0,0,0
2013-07-02 16:00:00,-37.86,-6.7,0,0,0,0
2013-07-03 16:00:00,-38.37,-6.7,0,0,0,0
2013-07-04 16:00:00,-37.86,-6.7,0,0,0,0
2013-07-05 16:00:00,-37.72,-6.7,0,0,0,0
2013-07-08 16:00:00,-39.49,-6.7,0,0,0,0
2013-07-09 16:00:00,-39.52,-6.7,0,0,0,0
2013-07-10 16:00:00,-37.8,-6.7,0,0,0,0
2013-07-11 16:00:00,-34.93,-6.7,0,0,0,0
2013-07-12 16:00:00,-36.37,-6.7,0,0,0,0
2013-07-15 16:00:00,-35.47,-6.7,0,0,0,0
2013-07-16 16:00:00,-35.18,-6.7,0,0,0,0
2013-07-17 16:00:00,-36.16,-6.7,0,0,0,0
2013-07-18 16:00:00,-37.21,-6.7,0,0,0,0
2013-07-19 16:00:00,-38.74,-6.7,0,0,0,0
2013-07-22 16:00:00,-38.41,-6.7,0,0,0,0
2013-07-23 16:00:00,-36.63,-6.7,0,0,0,0
2013-07-24 16:00:00,-37.1,-6.7,0,0,0,0
2013-07-25 16:00:00,-37.42,-6.7,0,0,0,0
2013-07-26 16:00:00,-37.8,-6.7,0,0,0,0
2013-07-29 16:00:00,-39.15,-6.7,0,0,0,0
2013-07-30 16:00:00,-38.77,-6.7,0,0,0,0
2013-07-31 16:00:00,-38.67,-6.7,0,0,0,0
2013-08-01 16:00:00,-37.2,-6.7,0,0,0,0
2013-08-02 16:00:00,-37.15,-6.7,0,0,0,0
2013-08-05 16:00:00,-36.28,-6.7,0,0,0,0
2013-08-06 16:00:00,-35.85,-6.7,0,0,0,0
2013-08-07 16:00:00,-36.22,-6.7,0,0,0,0
2013-08-08 16:00:00,-36.33,-6.7,0,0,0,0
2013-08-09 16:00:00,-36.07,-6.7,0,0,0,0
2013-08-12 16:00:00,-34.2,-6.7,0,0,0,0
2013-08-13 16:00:00,-34.02,-6.7,0,0,0,0
2013-08-14 16:00:00,-34.3,-6.7,0,0,0,0
2013-08-15 16:00:00,-35.07,-6.7,0,0,0,0
2013-08-16 16:00:00,-35.56,-6.7,0,0,0,0
2013-08-19 16:00:00,-34.8,-6.7,0,0,0,0
2013-08-20 16:00:00,-35.33,-6.7,0,0,0,0
2013-08-21 16:00:00,-35.44,-6.7,0,0,0,0
2013-08-22 16:00:00,-35.57,-6.7,0,0,0,0
2013-08-23 16:00:00,-36.04,-6.7,0,0,0,0
2013-08-26 16:00:00,-34.68,-6.7,0,0,0,0
2013-08-27 16:00:00,-34.53,-6.7,0,0,0,0
2013-08-28 16:00:00,-34.89,-6.7,0,0,0,0
2013-08-29 16:00:00,-35.16,-6.7,0,0,0,0
2013-08-30 16:00:00,-35.29,-6.7,0,0,0,0
2013-09-02 16:00:00,-35.11,-6.7,0,0,0,0
2013-09-03 16:00:00,-34.15,-6.7,0,0,0,0
2013-09-04 16:00:00,-34.26,-6.7,0,0,0,0
2013-09-05 16:00:00,-34.51,-6.7,0,0,0,0
2013-09-06 16:00:00,-34.06,-6.7,0,0,0,0
2013-09-09 16:00:00,-31.74,-6.7,0,0,0,0
2013-09-10 16:00:00,-30.79,-6.7,0,0,0,0
2013-09-11 16:00:00,-30.56,-6.7,0,0,0,0
2013-09-12 16:00:00,-29.87,-6.7,0,0,0,0
2013-09-13 16:00:00,-30.39,-6.7,0,0,0,0
2013-09-16 16:00:00,-30.69,-6.7,0,0,0,0
2013-09-17 16:00:00,-32.12,-6.7,0,0,0,0
2013-09-18 16:00:00,-31.97,-6.7,0,0,0,0
2013-09-23 16:00:00,-30.86,-6.7,0,0,0,0
2013-09-24 16:00:00,-31.65,-6.7,0,0,0,0
2013-09-25 16:00:00,-32.07,-6.7,0,0,0,0
2013-09-26 16:00:00,-33.32,-6.7,0,0,0,0
2013-09-27 16:00:00,-33.02,-6.7,0,0,0,0
2013-09-30 16:00:00,-32.63,-6.7,0,0,0,0
2013-10-08 16:00:00,-31.71,-6.7,0,0,0,0
2013-10-09 16:00:00,-31.38,-6.7,0,0,0,0
2013-10-10 16:00:00,-32.06,-6.7,0,0,0,0
2013-10-11 16:00:00,-30.96,-6.7,0,0,0,0
2013-10-14 16:00:00,-30.85,-6.7,0,0,0,0
2013-10-15 16:00:00,-30.99,-7.4,0,-693.86,92870,0
2013-10-16 16:00:00,-32.28,-8.24,0,-840.39,0,-90301
2013-10-17 16:00:00,-32.51,-9.31,0,-1072.96,89850,0
2013-10-18 16:00:00,-32.15,-8.85,456,0,0,0
2013-10-21 16:00:00,-30.89,-8.97,0,-117.57,0,-90440
2013-10-22 16:00:00,-31.6,-8.97,0,0,0,0
2013-10-23 16:00:00,-32.36,-8.97,0,0,0,0
2013-10-24 16:00:00,-32.87,-8.97,0,0,0,0
2013-10-25 16:00:00,-33.76,-7.59,1379.16,0,89466,0
2013-10-28 16:00:00,-33.83,-7.64,0,-44.23,0,-90946
2013-10-29 16:00:00,-33.66,-7.64,0,0,0,0
2013-10-30 16:00:00,-32.67,-7.64,0,0,0,0
2013-10-31 16:00:00,-33.61,-7.64,0,0,0,0
2013-11-01 16:00:00,-33.3,-7.64,0,0,0,0
2013-11-04 16:00:00,-33.43,-7.64,0,0,0,0
2013-11-05 16:00:00,-33.33,-7.64,0,0,0,0
2013-11-06 16:00:00,-34.18,-7.64,0,0,0,0
2013-11-07 16:00:00,-34.54,-7.64,0,0,0,0
2013-11-08 16:00:00,-35.45,-7.64,0,0,0,0
2013-11-11 16:00:00,-35.23,-7.64,0,0,0,0
2013-11-12 16:00:00,-34.56,-7.64,0,0,0,0
2013-11-13 16:00:00,-36.01,-7.64,0,0,0,0
2013-11-14 16:00:00,-35.55,-7.64,0,0,0,0
2013-11-15 16:00:00,-34.26,-7.64,0,0,0,0
2013-11-18 16:00:00,-32.07,-7.64,0,0,0,0
2013-11-19 16:00:00,-32.54,-7.64,0,0,0,0
2013-11-20 16:00:00,-32.19,-7.64,0,0,0,0
2013-11-21 16:00:00,-32.6,-7.64,0,0,0,0
2013-11-22 16:00:00,-32.94,-7.64,0,0,0,0
2013-11-25 16:00:00,-33.2,-7.64,0,0,0,0
2013-11-26 16:00:00,-33.23,-7.64,0,0,0,0
2013-11-27 16:00:00,-32.47,-7.64,0,0,0,0
2013-11-28 16:00:00,-31.77,-7.64,0,0,0,0
2013-11-29 16:00:00,-31.79,-7.64,0,0,0,0
2013-12-02 16:00:00,-32.35,-7.64,0,0,0,0
2013-12-03 16:00:00,-31.68,-7.64,0,0,0,0
2013-12-04 16:00:00,-30.78,-7.64,0,0,0,0
2013-12-05 16:00:00,-30.97,-7.64,0,0,0,0
2013-12-06 16:00:00,-31.42,-8.78,0,-1145.17,90558,0
2013-12-09 16:00:00,-31.46,-8.52,264,0,0,-87696
2013-12-10 16:00:00,-31.39,-8.88,0,-360.13,87084,0
2013-12-11 16:00:00,-32.52,-9.35,0,-475.73,0,-87482
2013-12-12 16:00:00,-32.6,-7.72,1630.64,0,87891,0
2013-12-13 16:00:00,-32.69,-8.06,0,-339.7,0,-35156
2013-12-16 16:00:00,-33.78,-9.05,0,-991.17,26597,-43980
2013-12-17 16:00:00,-34.1,-10.63,0,-1572.24,22818,-6240
2013-12-18 16:00:00,-34.08,-10.29,334.02,0,0,-34976
2013-12-19 16:00:00,-34.77,-12.54,0,-2247.61,72036,0
2013-12-20 16:00:00,-36.29,-11.54,995.99,0,0,-75024
2013-12-23 16:00:00,-36.11,-12.74,0,-1193,0,0
2013-12-24 16:00:00,-36.01,-12.62,120.54,0,60865,-1199
2013-12-25 16:00:00,-35.53,-10.36,2255,0,0,0
2013-12-26 16:00:00,-36.65,-11.43,0,-1071.6,15316,-73535
2013-12-27 16:00:00,-35.58,-11.52,0,-89.77,0,-14770
2013-12-30 16:00:00,-35.69,-11.52,0,0,0,0
2013-12-31 16:00:00,-34.84,-11.52,0,0,0,0
2014-01-02 16:00:00,-35.06,-11.52,0,0,0,0
2014-01-03 16:00:00,-35.93,-11.52,0,0,0,0
2014-01-06 16:00:00,-37.39,-11.52,0,0,0,0
2014-01-07 16:00:00,-37.41,-11.52,0,0,0,0
2014-01-08 16:00:00,-37.3,-11.52,0,0,0,0
2014-01-09 16:00:00,-37.85,-11.52,0,0,0,0
2014-01-10 16:00:00,-38.34,-11.52,0,0,0,0
2014-01-13 16:00:00,-38.65,-11.52,0,0,0,0
2014-01-14 16:00:00,-38.11,-11.52,0,0,0,0
2014-01-15 16:00:00,-38.22,-11.52,0,0,0,0
2014-01-16 16:00:00,-38.14,-11.52,0,0,0,0
2014-01-17 16:00:00,-39.07,-11.52,0,0,0,0
2014-01-20 16:00:00,-39.42,-11.52,0,0,0,0
2014-01-21 16:00:00,-38.83,-11.52,0,0,0,0
2014-01-22 16:00:00,-37.25,-11.52,0,0,0,0
2014-01-23 16:00:00,-37.58,-11.52,0,0,0,0
2014-01-24 16:00:00,-37.2,-11.52,0,0,0,0
2014-01-27 16:00:00,-38.03,-11.52,0,0,0,0
2014-01-28 16:00:00,-37.92,-11.52,0,0,0,0
2014-01-29 16:00:00,-37.7,-11.52,0,0,0,0
2014-01-30 16:00:00,-38.4,-11.52,0,0,0,0
2014-02-07 16:00:00,-38.12,-11.52,0,0,0,0
2014-02-10 16:00:00,-36.58,-11.52,0,0,0,0
2014-02-11 16:00:00,-36.08,-11.52,0,0,0,0
2014-02-12 16:00:00,-35.92,-11.52,0,0,0,0
2014-02-13 16:00:00,-36.25,-11.52,0,0,0,0
2014-02-14 16:00:00,-35.8,-11.52,0,0,0,0
2014-02-17 16:00:00,-35.35,-11.52,0,0,0,0
2014-02-18 16:00:00,-36.17,-11.52,0,0,0,0
2014-02-19 16:00:00,-35.43,-11.52,0,0,0,0
2014-02-20 16:00:00,-36.03,-13.55,0,-2025,79566,0
2014-02-21 16:00:00,-36.68,-13.88,0,-332.07,0,-61096
2014-02-24 16:00:00,-38.07,-12.73,1149.34,0,51696,-2428
2014-02-25 16:00:00,-39.65,-15.85,0,-3121.56,0,-23556
2014-02-26 16:00:00,-39.5,-15.2,654.27,0,35750,0
2014-02-27 16:00:00,-39.76,-15.43,0,-227.11,0,-6112
2014-02-28 16:00:00,-39.06,-16.28,0,-854,0,0
2014-03-03 16:00:00,-38.74,-15.27,1009,0,0,0
2014-03-04 16:00:00,-38.91,-16.5,0,-1226,0,0
2014-03-05 16:00:00,-39.48,-15.99,506,0,11556,0
2014-03-06 16:00:00,-39.21,-16.21,0,-223.95,0,-9952
2014-03-07 16:00:00,-39.36,-15.38,832,0,8918,0
2014-03-10 16:00:00,-41.33,-17.58,0,-2198.02,0,-19020
2014-03-11 16:00:00,-41.03,-16.45,1132.26,0,10770,-5736
2014-03-12 16:00:00,-40.87,-16.76,0,-316.85,0,-65546
2014-03-13 16:00:00,-40.14,-16.76,0,0,0,0
2014-03-14 16:00:00,-40.63,-16.76,0,0,0,0
2014-03-17 16:00:00,-40.07,-16.76,0,0,0,0
2014-03-18 16:00:00,-40.2,-16.76,0,0,0,0
2014-03-19 16:00:00,-40.69,-16.76,0,0,0,0
2014-03-20 16:00:00,-41.63,-16.76,0,0,0,0
2014-03-21 16:00:00,-39.63,-16.76,0,0,0,0
2014-03-24 16:00:00,-39.13,-16.76,0,0,0,0
2014-03-25 16:00:00,-39.19,-16.76,0,0,0,0
2014-03-26 16:00:00,-39.28,-16.76,0,0,0,0
2014-03-27 16:00:00,-39.71,-16.76,0,0,0,0
2014-03-28 16:00:00,-39.82,-16.76,0,0,0,0
2014-03-31 16:00:00,-39.97,-16.76,0,0,0,0
2014-04-01 16:00:00,-39.5,-16.76,0,0,0,0
2014-04-02 16:00:00,-39.01,-16.76,0,0,0,0
2014-04-03 16:00:00,-39.45,-16.76,0,0,0,0
2014-04-04 16:00:00,-38.88,-16.76,0,0,0,0
2014-04-08 16:00:00,-37.43,-16.76,0,0,0,0
2014-04-09 16:00:00,-37.39,-16.76,0,0,0,0
2014-04-10 16:00:00,-36.41,-16.76,0,0,0,0
2014-04-11 16:00:00,-36.5,-17.65,0,-888.59,81954,0
2014-04-14 16:00:00,-36.55,-17.93,0,-279.25,0,-76347
2014-04-15 16:00:00,-37.65,-18.3,0,-371.93,68295,0
2014-04-16 16:00:00,-37.56,-18.71,0,-404.45,0,-59076
2014-04-17 16:00:00,-37.78,-18.65,59.62,0,51543,0
2014-04-18 16:00:00,-37.79,-19,0,-347.51,0,-45504
2014-04-21 16:00:00,-38.83,-19.3,0,-299,40921,0
2014-04-22 16:00:00,-38.56,-19.47,0,-177.35,7585,-5348
2014-04-23 16:00:00,-38.62,-19.77,0,-294.02,11560,-9018
2014-04-24 16:00:00,-38.74,-20.14,0,-371.63,15490,-15632
2014-04-25 16:00:00,-39.37,-21.5,0,-1361.07,0,-15070
2014-04-28 16:00:00,-40.29,-23.58,0,-2082.46,18213,0
2014-04-29 16:00:00,-39.63,-23.34,244.95,0,0,-21042
2014-04-30 16:00:00,-39.63,-22.51,824,0,0,0
2014-05-05 16:00:00,-39.69,-22,516,0,0,0
2014-05-06 16:00:00,-39.67,-22.19,0,-195.66,0,-20866
2014-05-07 16:00:00,-40.23,-23.23,0,-1033.73,52434,0
2014-05-08 16:00:00,-40.28,-23.49,0,-264.64,0,-48186
2014-05-09 16:00:00,-40.32,-24.71,0,-1215.4,47328,0
2014-05-12 16:00:00,-39.03,-23.82,891.03,0,0,-58232.2
2014-05-13 16:00:00,-39.18,-23.79,30.49,0,0,-14510
2014-05-14 16:00:00,-39.25,-23.79,0,0,0,0
2014-05-15 16:00:00,-40.04,-23.79,0,0,0,0
2014-05-16 16:00:00,-39.98,-23.79,0,0,0,0
2014-05-19 16:00:00,-40.85,-23.79,0,0,0,0
2014-05-20 16:00:00,-40.83,-23.79,0,0,0,0
2014-05-21 16:00:00,-40.27,-23.79,0,0,0,0
2014-05-22 16:00:00,-40.41,-23.79,0,0,0,0
2014-05-23 16:00:00,-39.92,-23.79,0,0,0,0
2014-05-26 16:00:00,-39.7,-23.79,0,0,0,0
2014-05-27 16:00:00,-39.95,-23.79,0,0,0,0
2014-05-28 16:00:00,-39.33,-23.79,0,0,0,0
2014-05-29 16:00:00,-39.73,-23.79,0,0,0,0
2014-05-30 16:00:00,-39.69,-23.79,0,0,0,0
2014-06-03 16:00:00,-39.87,-23.79,0,0,0,0
2014-06-04 16:00:00,-40.48,-23.79,0,0,0,0
2014-06-05 16:00:00,-39.85,-23.79,0,0,0,0
2014-06-06 16:00:00,-40.3,-23.79,0,0,0,0
2014-06-09 16:00:00,-40.31,-23.79,0,0,0,0
2014-06-10 16:00:00,-39.56,-23.79,0,0,0,0
2014-06-11 16:00:00,-39.57,-23.79,0,0,0,0
2014-06-12 16:00:00,-39.78,-23.79,0,0,0,0
2014-06-13 16:00:00,-39.14,-23.79,0,0,0,0
2014-06-16 16:00:00,-38.7,-23.79,0,0,0,0
2014-06-17 16:00:00,-39.32,-23.79,0,0,0,0
2014-06-18 16:00:00,-39.59,-25.52,0,-1738.74,75812,0
2014-06-19 16:00:00,-40.52,-25.36,162.72,0,0,-72523
2014-06-20 16:00:00,-40.24,-25.32,43,0,0,0
2014-06-23 16:00:00,-40.32,-26.14,0,-817.78,72585,0
2014-06-24 16:00:00,-40.02,-26.29,0,-152.13,0,-71640
2014-06-25 16:00:00,-40.34,-26.32,0,-31,0,0
2014-06-26 16:00:00,-39.9,-26.41,0,-89.92,69732,0
2014-06-27 16:00:00,-39.86,-27.32,0,-911.83,0,-34488
2014-06-30 16:00:00,-39.45,-26.63,695.76,0,21312,-19887
2014-07-01 16:00:00,-39.46,-26.86,0,-229.99,0,-989
2014-07-02 16:00:00,-39.29,-26.47,384,0,0,0
2014-07-03 16:00:00,-39.03,-26.34,128,0,0,0
2014-07-04 16:00:00,-39.07,-27.08,0,-736,0,0
2014-07-07 16:00:00,-39.14,-26.98,96,0,0,0
2014-07-08 16:00:00,-39.02,-26.64,342.05,0,19840,0
2014-07-09 16:00:00,-39.91,-27.17,0,-526.58,0,-18905
2014-07-10 16:00:00,-40.07,-27.39,0,-225.32,17748,0
2014-07-11 16:00:00,-39.93,-25.71,1681.34,0,0,-16660
2014-07-14 16:00:00,-39.26,-24.96,756,0,33340,0
2014-07-15 16:00:00,-39.17,-25.63,0,-670.46,0,-31122
2014-07-16 16:00:00,-39.29,-25.79,0,-163.4,0,-42210
2014-07-17 16:00:00,-39.67,-25.79,0,0,0,0
2014-07-18 16:00:00,-39.48,-25.79,0,0,0,0
2014-07-21 16:00:00,-39.42,-25.79,0,0,0,0
2014-07-22 16:00:00,-38.68,-25.79,0,0,0,0
2014-07-23 16:00:00,-38.53,-25.79,0,0,0,0
2014-07-24 16:00:00,-37.44,-25.79,0,0,0,0
2014-07-25 16:00:00,-36.78,-25.79,0,0,0,0
2014-07-28 16:00:00,-35.01,-25.79,0,0,0,0
2014-07-29 16:00:00,-34.8,-25.79,0,0,0,0
2014-07-30 16:00:00,-35.06,-25.79,0,0,0,0
2014-07-31 16:00:00,-34.27,-25.79,0,0,0,0
2014-08-01 16:00:00,-34.85,-25.79,0,0,0,0
2014-08-04 16:00:00,-33.56,-25.79,0,0,0,0
2014-08-05 16:00:00,-33.74,-25.79,0,0,0,0
2014-08-06 16:00:00,-33.91,-25.79,0,0,0,0
2014-08-07 16:00:00,-34.91,-25.79,0,0,0,0
2014-08-08 16:00:00,-34.81,-25.79,0,0,0,0
2014-08-11 16:00:00,-33.85,-25.79,0,0,0,0
2014-08-12 16:00:00,-34.08,-25.79,0,0,0,0
2014-08-13 16:00:00,-34.03,-25.79,0,0,0,0
2014-08-14 16:00:00,-34.67,-25.79,0,0,0,0
2014-08-15 16:00:00,-33.98,-25.79,0,0,0,0
2014-08-18 16:00:00,-33.59,-25.79,0,0,0,0
2014-08-19 16:00:00,-33.59,-25.79,0,0,0,0
2014-08-20 16:00:00,-33.83,-25.79,0,0,0,0
2014-08-21 16:00:00,-34.16,-25.79,0,0,0,0
2014-08-22 16:00:00,-33.85,-25.79,0,0,0,0
2014-08-25 16:00:00,-34.48,-25.79,0,0,0,0
2014-08-26 16:00:00,-35,-25.79,0,0,0,0
2014-08-27 16:00:00,-34.9,-25.79,0,0,0,0
2014-08-28 16:00:00,-35.36,-25.79,0,0,0,0
2014-08-29 16:00:00,-34.61,-25.79,0,0,0,0
2014-09-01 16:00:00,-34.13,-25.79,0,0,0,0
2014-09-02 16:00:00,-33.26,-25.79,0,0,0,0
2014-09-03 16:00:00,-32.63,-25.79,0,0,0,0
2014-09-04 16:00:00,-32.15,-25.79,0,0,0,0
2014-09-05 16:00:00,-31.5,-25.79,0,0,0,0
2014-09-09 16:00:00,-31.62,-25.79,0,0,0,0
2014-09-10 16:00:00,-31.97,-25.02,769.98,0,73392,0
2014-09-11 16:00:00,-32.22,-25.18,0,-159.89,0,-72995
2014-09-12 16:00:00,-31.81,-24.23,953.42,0,71936,0
2014-09-15 16:00:00,-31.84,-24.38,0,-157.12,0,-71631
2014-09-16 16:00:00,-33.19,-27.69,0,-3305.08,70260,0
2014-09-17 16:00:00,-32.84,-27.9,0,-209.6,0,-65844
2014-09-18 16:00:00,-32.64,-27.49,404.6,0,64670,0
2014-09-19 16:00:00,-32.17,-27.4,92.79,0,1672,-66316
2014-09-22 16:00:00,-33.47,-28.42,0,-1016.15,63807,0
2014-09-23 16:00:00,-32.9,-27.82,596.52,0,0,-39600
2014-09-24 16:00:00,-31.71,-26.91,914.84,0,43862,0
2014-09-25 16:00:00,-31.85,-26.92,0,-13.98,0,-71525
2014-09-26 16:00:00,-31.84,-25.69,1227.26,0,69148,0
2014-09-29 16:00:00,-31.54,-25.52,172.38,0,0,-68172
2014-09-30 16:00:00,-31.45,-22.4,3124.14,0,66204,0
2014-10-08 16:00:00,-30.69,-22.09,310.26,0,0,-68264
2014-10-09 16:00:00,-30.59,-23.99,0,-1908.16,67184,0
2014-10-10 16:00:00,-31.01,-24.44,0,-445.88,0,-63750
2014-10-13 16:00:00,-31.34,-22.56,1876.36,0,62132,0
2014-10-14 16:00:00,-31.58,-22.67,0,-111.31,0,-62544
2014-10-15 16:00:00,-31.09,-22.75,0,-72.17,60583,0
2014-10-16 16:00:00,-31.64,-23.39,0,-641.48,0,-58834
2014-10-17 16:00:00,-31.71,-23.47,0,-84.55,58512,0
2014-10-20 16:00:00,-31.35,-23.68,0,-209.39,4410,-61838
2014-10-21 16:00:00,-31.95,-24.48,0,-800.01,60019,0
2014-10-22 16:00:00,-32.36,-26.43,0,-1950,0,0
2014-10-23 16:00:00,-32.99,-25.19,1242,0,0,0
2014-10-24 16:00:00,-33.14,-21.81,3384,0,0,0
2014-10-27 16:00:00,-33.75,-21.97,0,-168,0,0
2014-10-28 16:00:00,-32.41,-19.99,1980,0,0,0
2014-10-29 16:00:00,-31.44,-19.64,354.51,0,0,-61916
2014-10-30 16:00:00,-30.95,-20.59,0,-949.89,59641,0
2014-10-31 16:00:00,-29.85,-20.85,0,-255.7,0,-55924
2014-11-03 16:00:00,-29.73,-19.96,887.03,0,53235,0
2014-11-04 16:00:00,-29.71,-18.96,1000,0,0,0
2014-11-05 16:00:00,-29.99,-21.15,0,-2191,0,0
2014-11-06 16:00:00,-29.91,-21.12,33,0,0,0
2014-11-07 16:00:00,-30.02,-21.62,0,-507,0,0
2014-11-10 16:00:00,-28.25,-20.94,678,0,0,0
2014-11-11 16:00:00,-28.44,-23.26,0,-2320,0,0
2014-11-12 16:00:00,-27.45,-22.7,564,0,0,0
2014-11-13 16:00:00,-27.85,-23.45,0,-745,0,0
2014-11-14 16:00:00,-27.82,-22.57,877,0,0,0
2014-11-17 16:00:00,-28.21,-21,1568,0,0,0
2014-11-18 16:00:00,-28.93,-21.15,0,-149,0,0
2014-11-19 16:00:00,-29.04,-20.98,169,0,0,0
2014-11-20 16:00:00,-29.05,-21.15,0,-172,0,0
2014-11-21 16:00:00,-27.75,-20.9,254,0,6348,0
2014-11-24 16:00:00,-25.91,-19.55,1352.21,0,0,-4791
2014-11-25 16:00:00,-24.89,-17.61,1940.65,0,0,-6352
2014-11-26 16:00:00,-23.85,-16.43,1181,0,14520,0
2014-11-27 16:00:00,-22.97,-17.52,0,-1096.64,0,-12642
2014-11-28 16:00:00,-21.45,-18.68,0,-1154.8,0,-1803
2014-12-01 16:00:00,-21.14,-17.07,1610,0,0,0
2014-12-02 16:00:00,-18.23,-16.15,920,0,0,0
2014-12-03 16:00:00,-17.01,-16.51,0,-368,0,0
2014-12-04 16:00:00,-13.18,-13.68,2835,0,15630,0
2014-12-05 16:00:00,-12.61,-16.34,0,-2660.83,0,-15830
2014-12-08 16:00:00,-9.03,-19.51,0,-3174,0,0
2014-12-09 16:00:00,-13.11,-22.87,0,-3358,0,0
2014-12-10 16:00:00,-9.9,-21.77,1104,0,0,0
2014-12-11 16:00:00,-10.98,-22.5,0,-736,0,0
2014-12-12 16:00:00,-10.7,-21.58,920,0,0,0
2014-12-15 16:00:00,-10.02,-20.16,1426,0,0,0
2014-12-16 16:00:00,-7.61,-20.89,0,-736,0,0
2014-12-17 16:00:00,-6.02,-19.56,1334,0,0,0
2014-12-18 16:00:00,-6.43,-20.85,0,-1288,0,0
2014-12-19 16:00:00,-5.38,-22.18,0,-1334,0,0
2014-12-22 16:00:00,-5.07,-28.35,0,-6164,0,0
2014-12-23 16:00:00,-7.01,-28.3,46,0,0,0
2014-12-24 16:00:00,-9.66,-28.07,230,0,0,0
2014-12-25 16:00:00,-6.72,-27.79,276,0,0,0
2014-12-26 16:00:00,-3.63,-27.33,460,0,0,0
2014-12-29 16:00:00,-3.36,-28.81,0,-1472,0,0
2014-12-30 16:00:00,-3.3,-28.44,368,0,0,0
2014-12-31 16:00:00,-1.17,-28.44,0,0,0,0
2015-01-05 16:00:00,1.84,-28.44,0,0,0,0
2015-01-06 16:00:00,1.83,-28.44,0,0,0,0
2015-01-07 16:00:00,1.9,-28.44,0,0,0,0
2015-01-08 16:00:00,-0.46,-28.44,0,0,0,0
2015-01-09 16:00:00,-0.81,-28.44,0,0,0,0
2015-01-12 16:00:00,-1.74,-28.44,0,0,0,0
2015-01-13 16:00:00,-1.72,-28.44,0,0,0,0
2015-01-14 16:00:00,-2.05,-28.44,0,0,0,0
2015-01-15 16:00:00,0.8,-28.44,0,0,0,0
2015-01-16 16:00:00,1.66,-28.44,0,0,0,0
2015-01-19 16:00:00,-6.17,-28.44,0,0,0,0
2015-01-20 16:00:00,-5.02,-28.44,0,0,0,0
2015-01-21 16:00:00,-0.75,-28.44,0,0,0,0
2015-01-22 16:00:00,-0.23,-28.44,0,0,0,0
2015-01-23 16:00:00,-0.11,-28.44,0,0,0,0
2015-01-26 16:00:00,0.9,-28.44,0,0,0,0
2015-01-27 16:00:00,-0.02,-28.44,0,0,0,0
2015-01-28 16:00:00,-1.41,-28.44,0,0,0,0
2015-01-29 16:00:00,-2.63,-28.37,70,0,15965,0
2015-01-30 16:00:00,-3.95,-28.47,0,-105.96,0,-15955
2015-02-02 16:00:00,-6.2,-28.04,439,0,12776,0
2015-02-03 16:00:00,-3.87,-27.69,341.42,0,0,-13580
2015-02-04 16:00:00,-4.86,-28.03,0,-333,13532,0
2015-02-05 16:00:00,-5.84,-28.05,0,-18.2,0,-13204
2015-02-06 16:00:00,-7.36,-28.05,0,0,0,0
2015-02-09 16:00:00,-6.43,-28.05,0,0,0,0
2015-02-10 16:00:00,-4.72,-28.05,0,0,0,0
2015-02-11 16:00:00,-3.96,-28.05,0,0,0,0
2015-02-12 16:00:00,-3.71,-28.05,0,0,0,0
2015-02-13 16:00:00,-2.96,-28.05,0,0,0,0
2015-02-16 16:00:00,-2.13,-28.05,0,0,0,0
2015-02-17 16:00:00,-1.49,-28.05,0,0,0,0
2015-02-25 16:00:00,-2.71,-28.05,0,0,0,0
2015-02-26 16:00:00,-0.26,-28.05,0,0,0,0
2015-02-27 16:00:00,-0.08,-28.05,0,0,0,0
2015-03-02 16:00:00,0.72,-28.05,0,0,0,0
2015-03-03 16:00:00,-1.9,-28.05,0,0,0,0
2015-03-04 16:00:00,-1.25,-28.05,0,0,0,0
2015-03-05 16:00:00,-2.22,-28.05,0,0,0,0
2015-03-06 16:00:00,-2.72,-28.05,0,0,0,0
2015-03-09 16:00:00,-1.06,-28.05,0,0,0,0
2015-03-10 16:00:00,-1.54,-28.05,0,0,0,0
2015-03-11 16:00:00,-1.43,-28.05,0,0,0,0
2015-03-12 16:00:00,0.48,-28.05,0,0,0,0
2015-03-13 16:00:00,1.17,-28.05,0,0,0,0
2015-03-16 16:00:00,3.64,-28.05,0,0,0,0
2015-03-17 16:00:00,5.07,-28.05,0,0,0,0
2015-03-18 16:00:00,7.56,-28.05,0,0,0,0
2015-03-19 16:00:00,7.38,-27.4,649,0,14346,0
2015-03-20 16:00:00,8.86,-27.31,87.51,0,0,-12485
2015-03-23 16:00:00,11.09,-27.31,0,-0.63,0,-2627
2015-03-24 16:00:00,11.11,-27.31,0,0,0,0
2015-03-25 16:00:00,10.2,-27.31,0,0,0,0
2015-03-26 16:00:00,10.47,-21.79,5520,0,0,0
2015-03-27 16:00:00,11.08,-15.69,6099.6,0,0,0
2015-03-30 16:00:00,14.33,-8.96,6725.2,0,0,0
2015-03-31 16:00:00,13.3,-1.61,7350.8,0,0,0
2015-04-01 16:00:00,15.33,6.52,8132.8,0,0,0
2015-04-02 16:00:00,15.36,15.43,8914.8,0,0,0
2015-04-03 16:00:00,16.64,25.29,9853.2,0,0,0
2015-04-07 16:00:00,19.14,36.08,10791.6,0,0,0
2015-04-08 16:00:00,20.14,47.97,11886.4,0,0,0
2015-04-09 16:00:00,19.2,61.02,13059.4,0,0,0
2015-04-10 16:00:00,21.5,75.41,14388.8,0,0,0
2015-04-13 16:00:00,23.64,91.21,15796.4,0,0,0
2015-04-14 16:00:00,24.12,108.65,17438.6,0,0,0
2015-04-15 16:00:00,22.51,127.81,19159,0,0,0
2015-04-16 16:00:00,26.23,148.84,21035.8,0,0,0
2015-04-17 16:00:00,28.54,171.99,23147.2,0,0,0
2015-04-20 16:00:00,26.46,197.48,25493.2,0,0,0
2015-04-21 16:00:00,29.18,225.48,27995.6,0,0,0
2015-04-22 16:00:00,32.56,256.29,30810.8,0,0,0
2015-04-23 16:00:00,32.59,272.63,16343.8,0,0,0
2015-04-24 16:00:00,31.52,265.2,0,-7429,0,0
2015-04-27 16:00:00,34.45,250.35,0,-14858,0,0
2015-04-28 16:00:00,32.61,246.44,0,-3910,0,0
2015-04-29 16:00:00,33.52,266.77,20332,0,0,0
2015-04-30 16:00:00,32.84,253.87,0,-12903,0,0
2015-05-04 16:00:00,33.9,287.57,33704.2,0,0,0
2015-05-05 16:00:00,28.56,301.25,13685,0,0,0
2015-05-06 16:00:00,27.34,339.65,38396.2,0,0,0
2015-05-07 16:00:00,25.01,381.88,42228,0,0,0
2015-05-08 16:00:00,27.48,428.33,46450.8,0,0,0
2015-05-11 16:00:00,31.18,479.47,51142.8,0,0,0
2015-05-12 16:00:00,32.77,535.7,56225.8,0,0,0
2015-05-13 16:00:00,31.96,597.55,61856.2,0,0,0
2015-05-14 16:00:00,31.47,600.45,2891.96,0,16810,0
2015-05-15 16:00:00,29.14,573.7,0,-26748.35,0,-15354
2015-05-18 16:00:00,27.95,632.43,58733,0,0,0
2015-05-19 16:00:00,32.32,589.91,0,-42520.8,0,0
2015-05-20 16:00:00,32.98,560.41,0,-29499.6,0,0
2015-05-21 16:00:00,35.39,548.04,0,-12372.6,0,0
2015-05-22 16:00:00,38.47,543.38,0,-4659.8,0,0
2015-05-25 16:00:00,42.62,491.74,0,-51641.2,0,0
2015-05-26 16:00:00,45.4,527.6,35861.2,0,0,0
2015-05-27 16:00:00,44.91,588.75,61148,0,0,0
2015-05-28 16:00:00,35.19,613.85,25099.8,0,0,0
2015-05-29 16:00:00,35.38,683.38,69536,0,0,0
2015-06-01 16:00:00,41.96,760.15,76764.8,0,0,0
2015-06-02 16:00:00,44.36,844.37,84221.4,0,0,0
2015-06-03 16:00:00,43.85,751.7,0,-92667,0,0
2015-06-04 16:00:00,44.91,668.45,0,-83254.2,0,0
2015-06-05 16:00:00,46.28,645.28,0,-23172.2,0,0
2015-06-08 16:00:00,49.73,619.3,0,-25971,0,0
2015-06-09 16:00:00,48.71,689.4,70100.4,0,0,0
2015-06-10 16:00:00,48.48,665.77,0,-23633.6,0,0
2015-06-11 16:00:00,48.41,638.99,0,-26776.6,0,0
2015-06-12 16:00:00,49.21,648.79,9800,0,0,0
2015-06-15 16:00:00,46.02,621.76,0,-27031.2,0,0
2015-06-16 16:00:00,41.65,559.09,0,-62669,0,0
2015-06-17 16:00:00,43.72,577.16,18070.2,0,0,0
2015-06-18 16:00:00,37.89,555.17,0,-21996,0,0
2015-06-19 16:00:00,29.68,491.43,0,-63740,0,0
2015-06-23 16:00:00,33.85,463.98,0,-27450,0,0
2015-06-24 16:00:00,36.48,518.84,54863.8,0,0,0
2015-06-25 16:00:00,31.63,473.16,0,-45681.4,0,0
2015-06-26 16:00:00,21.27,438.06,0,-35102.4,0,0
2015-06-29 16:00:00,17.22,463.35,25293,0,0,0
2015-06-30 16:00:00,25.09,517.7,54353.4,0,0,0
2015-07-01 16:00:00,18.94,491.46,0,-26242.4,0,0
2015-07-02 16:00:00,14.89,494.48,3014.54,0,0,-579501.2
2015-07-03 16:00:00,8.68,494.48,0,0,0,0
2015-07-06 16:00:00,11.83,494.48,0,0,0,0
2015-07-07 16:00:00,9.85,494.48,0,0,0,0
2015-07-08 16:00:00,2.44,494.48,0,0,0,0
2015-07-09 16:00:00,9,494.48,0,0,0,0
2015-07-10 16:00:00,14.85,494.48,0,0,0,0
2015-07-13 16:00:00,17.79,494.48,0,0,0,0
2015-07-14 16:00:00,15,494.48,0,0,0,0
2015-07-15 16:00:00,10.94,494.48,0,0,0,0
2015-07-16 16:00:00,11.79,494.48,0,0,0,0
2015-07-17 16:00:00,16.1,494.48,0,0,0,0
2015-07-20 16:00:00,16.36,494.48,0,0,0,0
2015-07-21 16:00:00,16.51,494.48,0,0,0,0
2015-07-22 16:00:00,16.26,494.48,0,0,0,0
2015-07-23 16:00:00,18.88,494.48,0,0,0,0
2015-07-24 16:00:00,16.8,494.48,0,0,0,0
2015-07-27 16:00:00,6.8,494.48,0,0,0,0
2015-07-28 16:00:00,6.58,494.48,0,0,0,0
2015-07-29 16:00:00,9.92,494.48,0,0,0,0
2015-07-30 16:00:00,6.7,494.48,0,0,0,0
2015-07-31 16:00:00,6.74,494.48,0,0,0,0
2015-08-03 16:00:00,7.09,494.48,0,0,0,0
2015-08-04 16:00:00,10.42,494.48,0,0,0,0
2015-08-05 16:00:00,8.14,494.48,0,0,0,0
2015-08-06 16:00:00,7.16,494.48,0,0,0,0
2015-08-07 16:00:00,9.26,494.48,0,0,0,0
2015-08-10 16:00:00,14.23,494.48,0,0,0,0
2015-08-11 16:00:00,13.73,494.48,0,0,0,0
2015-08-12 16:00:00,12.32,494.48,0,0,0,0
2015-08-13 16:00:00,13.98,494.48,0,0,0,0
2015-08-14 16:00:00,13.92,494.48,0,0,0,0
2015-08-17 16:00:00,14.04,494.48,0,0,0,0
2015-08-18 16:00:00,6.98,494.48,0,0,0,0
2015-08-19 16:00:00,8.68,494.48,0,0,0,0
2015-08-20 16:00:00,5.2,494.48,0,0,0,0
2015-08-21 16:00:00,0.39,494.48,0,0,0,0
2015-08-24 16:00:00,-8.39,494.48,0,0,0,0
2015-08-25 16:00:00,-14.9,494.48,0,0,0,0
2015-08-26 16:00:00,-15.38,494.48,0,0,0,0
2015-08-27 16:00:00,-10.35,494.48,0,0,0,0
2015-08-28 16:00:00,-6.53,494.48,0,0,0,0
2015-08-31 16:00:00,-5.85,494.48,0,0,0,0
2015-09-01 16:00:00,-5.97,494.48,0,0,0,0
2015-09-02 16:00:00,-5.87,494.48,0,0,0,0
2015-09-07 16:00:00,-9.09,494.48,0,0,0,0
2015-09-08 16:00:00,-6.76,494.48,0,0,0,0
2015-09-09 16:00:00,-4.93,494.48,0,0,0,0
2015-09-10 16:00:00,-6.1,494.48,0,0,0,0
2015-09-11 16:00:00,-6.39,494.48,0,0,0,0
2015-09-14 16:00:00,-8.24,494.48,0,0,0,0
2015-09-15 16:00:00,-11.84,494.48,0,0,0,0
2015-09-16 16:00:00,-7.45,494.48,0,0,0,0
2015-09-17 16:00:00,-9.47,494.48,0,0,0,0
2015-09-18 16:00:00,-9.07,494.48,0,0,0,0
2015-09-21 16:00:00,-7.48,494.48,0,0,0,0
2015-09-22 16:00:00,-6.62,494.48,0,0,0,0
2015-09-23 16:00:00,-8.74,494.48,0,0,0,0
2015-09-24 16:00:00,-8.13,494.48,0,0,0,0
2015-09-25 16:00:00,-9.61,494.48,0,0,0,0
2015-09-28 16:00:00,-9.31,494.48,0,0,0,0
2015-09-29 16:00:00,-11.1,494.48,0,0,0,0
2015-09-30 16:00:00,-10.42,494.48,0,0,0,0
2015-10-08 16:00:00,-7.81,494.48,0,0,0,0
2015-10-09 16:00:00,-6.59,494.48,0,0,0,0
2015-10-12 16:00:00,-3.58,494.48,0,0,0,0
2015-10-13 16:00:00,-3.65,494.48,0,0,0,0
2015-10-14 16:00:00,-4.74,487.85,0,-6625.3,590984,0
2015-10-15 16:00:00,-2.49,486.18,0,-1671.33,0,-578715
2015-10-16 16:00:00,-1.16,486.22,37.05,0,0,-4949
2015-10-19 16:00:00,-1.16,486.22,0,0,0,0
2015-10-20 16:00:00,0.06,486.22,0,0,0,0
2015-10-21 16:00:00,-2.86,486.22,0,0,0,0
2015-10-22 16:00:00,-1.43,513.94,27719.16,0,576156,0
2015-10-23 16:00:00,-0.12,516.72,2782.23,0,0,-590594
2015-10-26 16:00:00,0.38,517.25,532,0,0,0
2015-10-27 16:00:00,0.48,522.86,5604.48,0,571726,0
2015-10-28 16:00:00,-1.42,515.27,0,-7582.78,16218,-578295
2015-10-29 16:00:00,-1.19,514.82,0,-450.46,564866,0
2015-10-30 16:00:00,-1.16,511.56,0,-3265.95,0,-563040
2015-11-02 16:00:00,-2.79,530.3,18742.66,0,556848,-9288
2015-11-03 16:00:00,-3.08,525.65,0,-4652.39,0,-544149
2015-11-04 16:00:00,1.48,549.34,23695.59,0,534688,0
2015-11-05 16:00:00,3.64,547.19,0,-2149.87,0,-550669
2015-11-06 16:00:00,6.09,600.78,53584.04,0,539882,0
2015-11-09 16:00:00,7.4,589.9,0,-10880.23,0,-571718
2015-11-10 16:00:00,7.2,589.68,0,-212.69,555633,0
2015-11-11 16:00:00,7.21,590.02,339.97,0,9936,-546952
2015-11-12 16:00:00,6.14,596.9,6876.39,0,532002,0
2015-11-13 16:00:00,4.77,573.25,0,-23644.81,0,-523699
2015-11-16 16:00:00,5.27,611.94,38685.03,0,506557,0
2015-11-17 16:00:00,5.11,611.04,0,-902.92,0,-527625
2015-11-18 16:00:00,3.91,586.3,0,-24740.41,528034,0
2015-11-19 16:00:00,5.57,587.6,1303.07,0,30300,-538853
2015-11-20 16:00:00,5.56,578.12,0,-9475.12,593745,0
2015-11-23 16:00:00,4.97,575.99,0,-2137.36,0,-583356
2015-11-24 16:00:00,4.98,591.62,15632.72,0,577612,0
2015-11-25 16:00:00,5.76,592.35,725.41,0,0,-585838
2015-11-26 16:00:00,5.14,584.94,0,-7402.61,542043,0
2015-11-27 16:00:00,-0.52,574.47,0,-10475.26,0,-570929
2015-11-30 16:00:00,-0.26,606.12,31655.22,0,585375,-16167
2015-12-01 16:00:00,0.45,604.99,0,-1127.51,8270,-607317
2015-12-02 16:00:00,4.09,590.65,0,-14349.36,622063,-6741
2015-12-03 16:00:00,4.86,607.52,16876.69,0,9928,-257928
2015-12-04 16:00:00,2.85,611.43,3904.04,0,229870,0
2015-12-07 16:00:00,3.13,614.21,2780.41,0,0,-210450
2015-12-08 16:00:00,1.32,605.76,0,-8447.19,205387,-15576
2015-12-09 16:00:00,1.69,594.43,0,-11327.78,9132,-170599
2015-12-10 16:00:00,1.33,589.45,0,-4983.52,86766,-318482
2015-12-11 16:00:00,0.91,587.59,0,-1860.19,272971,-14310
2015-12-14 16:00:00,3.79,582.93,0,-4654.69,0,-475153
2015-12-15 16:00:00,3.32,582.93,0,0,0,0
2015-12-16 16:00:00,3.07,582.93,0,0,0,0
2015-12-17 16:00:00,5.04,582.93,0,0,0,0
2015-12-18 16:00:00,5.38,582.93,0,0,0,0
2015-12-21 16:00:00,8.12,582.93,0,0,0,0
2015-12-22 16:00:00,8.42,582.93,0,0,0,0
2015-12-23 16:00:00,8.13,582.93,0,0,0,0
2015-12-24 16:00:00,7.1,582.93,0,0,0,0
2015-12-25 16:00:00,7.34,582.93,0,0,0,0
2015-12-28 16:00:00,4.25,582.93,0,0,0,0
2015-12-29 16:00:00,5.21,632.07,49131.95,0,676845,0
2015-12-30 16:00:00,5.3,639.56,7499.48,0,0,-339633
2015-12-31 16:00:00,4.34,631.95,0,-7616.18,327265,0
2016-01-04 16:00:00,-2.98,591.06,0,-40886.82,0,-311402
2016-01-05 16:00:00,-2.71,616.46,25396.23,0,285903,0
2016-01-06 16:00:00,-1,653.01,36556.87,0,0,-162409
2016-01-07 16:00:00,-7.87,598.38,0,-54634,0,0
2016-01-08 16:00:00,-5.99,615.43,17053,0,0,0
2016-01-11 16:00:00,-10.72,605.08,0,-10358,0,0
2016-01-12 16:00:00,-10.07,611.58,6504,0,0,0
2016-01-13 16:00:00,-11.74,606.74,0,-4839.21,0,-502474
2016-01-14 16:00:00,-9.9,606.74,0,0,0,0
2016-01-15 16:00:00,-12.78,606.74,0,0,0,0
2016-01-18 16:00:00,-12.44,606.74,0,0,0,0
2016-01-19 16:00:00,-9.86,606.74,0,0,0,0
2016-01-20 16:00:00,-11.22,606.74,0,0,0,0
2016-01-21 16:00:00,-13.83,606.74,0,0,0,0
2016-01-22 16:00:00,-12.93,606.74,0,0,0,0
2016-01-25 16:00:00,-12.5,606.74,0,0,0,0
2016-01-26 16:00:00,-17.76,606.74,0,0,0,0
2016-01-27 16:00:00,-18.05,606.74,0,0,0,0
2016-01-28 16:00:00,-20.19,606.74,0,0,0,0
2016-01-29 16:00:00,-17.61,606.74,0,0,0,0
2016-02-01 16:00:00,-18.87,606.74,0,0,0,0
2016-02-02 16:00:00,-17.18,606.74,0,0,0,0
2016-02-03 16:00:00,-17.54,606.74,0,0,0,0
2016-02-04 16:00:00,-16.53,606.74,0,0,0,0
2016-02-05 16:00:00,-17.11,606.74,0,0,0,0
2016-02-15 16:00:00,-17.59,606.74,0,0,0,0
2016-02-16 16:00:00,-15.06,606.74,0,0,0,0
2016-02-17 16:00:00,-14.33,606.74,0,0,0,0
2016-02-18 16:00:00,-14.6,606.74,0,0,0,0
2016-02-19 16:00:00,-14.66,606.74,0,0,0,0
2016-02-22 16:00:00,-12.78,606.74,0,0,0,0
2016-02-23 16:00:00,-13.6,606.74,0,0,0,0
2016-02-24 16:00:00,-13.04,606.74,0,0,0,0
2016-02-25 16:00:00,-18.37,606.74,0,0,0,0
2016-02-26 16:00:00,-17.55,606.74,0,0,0,0
2016-02-29 16:00:00,-19.53,606.74,0,0,0,0
2016-03-01 16:00:00,-18.04,606.74,0,0,0,0
2016-03-02 16:00:00,-14.66,606.74,0,0,0,0
2016-03-03 16:00:00,-14.47,606.74,0,0,0,0
2016-03-04 16:00:00,-13.47,606.74,0,0,0,0
2016-03-07 16:00:00,-13.17,606.74,0,0,0,0
2016-03-08 16:00:00,-13.09,606.74,0,0,0,0
2016-03-09 16:00:00,-14.09,608.6,1864.17,0,686090,0
2016-03-10 16:00:00,-15.73,606.47,0,-2136.62,0,-663558
2016-03-11 16:00:00,-15.59,613.36,6890.4,0,673870,-16436
2016-03-14 16:00:00,-14.26,616.95,3595.89,0,0,-665472
2016-03-15 16:00:00,-14.01,617.73,780,0,0,0
2016-03-16 16:00:00,-13.58,617.7,0,-30,0,0
2016-03-17 16:00:00,-12.63,618.78,1080,0,0,0
2016-03-18 16:00:00,-11.29,619.43,645,0,0,0
2016-03-21 16:00:00,-9.12,619.67,240,0,0,0
2016-03-22 16:00:00,-9.79,623.4,3730.8,0,660652,0
2016-03-23 16:00:00,-9.5,617.93,0,-5473.55,0,-659650
2016-03-24 16:00:00,-11.01,610.25,0,-7680.72,652410,0
2016-03-25 16:00:00,-10.57,608.3,0,-1948.99,0,-635374
2016-03-28 16:00:00,-11.35,607.61,0,-684,0,0
2016-03-29 16:00:00,-12.31,579.97,0,-27643.2,630663,0
2016-03-30 16:00:00,-10.05,588.29,8322.42,0,0,-607372
2016-03-31 16:00:00,-10,587.49,0,-798,0,0
2016-04-01 16:00:00,-9.89,614.02,26522.93,0,600243,0
2016-04-05 16:00:00,-8.7,614.02,0,0,0,0
2016-04-06 16:00:00,-8.9,614.02,0,0,0,0
2016-04-07 16:00:00,-10.25,614.02,0,0,0,0
2016-04-08 16:00:00,-10.91,614.02,0,0,0,0
2016-04-11 16:00:00,-9.66,614.02,0,0,0,0
2016-04-12 16:00:00,-9.99,614.02,0,0,0,0
2016-04-13 16:00:00,-8.79,614.02,0,0,0,0
2016-04-14 16:00:00,-8.39,614.02,0,0,0,0
2016-04-15 16:00:00,-8.49,614.02,0,0,0,0
2016-04-18 16:00:00,-9.71,614.02,0,0,0,0
2016-04-19 16:00:00,-9.44,632.81,18792,0,0,0
2016-04-20 16:00:00,-11.04,604.81,0,-28001.3,44344,0
2016-04-21 16:00:00,-11.61,595.64,0,-9169.69,0,-693606
2016-04-22 16:00:00,-11.21,619.56,23926.43,0,685248,0
2016-04-25 16:00:00,-11.57,634.05,14490,0,0,0
2016-04-26 16:00:00,-11.09,636.81,2760,0,0,0
2016-04-27 16:00:00,-11.46,639.57,2760,0,0,0
2016-04-28 16:00:00,-11.61,648.54,8970,0,0,0
2016-04-29 16:00:00,-11.72,638.54,0,-10005,0,0
2016-05-03 16:00:00,-10.13,664.76,26220,0,0,0
2016-05-04 16:00:00,-10.24,664.07,0,-690,0,0
2016-05-05 16:00:00,-10.12,658.89,0,-5175,0,0
2016-05-06 16:00:00,-12.45,648.97,0,-9928.89,0,-737610
2016-05-09 16:00:00,-14.26,648.97,0,0,0,0
2016-05-10 16:00:00,-14.17,648.97,0,0,0,0
2016-05-11 16:00:00,-13.78,648.97,0,0,0,0
2016-05-12 16:00:00,-13.58,648.97,0,0,0,0
2016-05-13 16:00:00,-14,648.97,0,0,0,0
2016-05-16 16:00:00,-13.43,648.97,0,0,0,0
2016-05-17 16:00:00,-13.69,648.97,0,0,0,0
2016-05-18 16:00:00,-14.2,648.97,0,0,0,0
2016-05-19 16:00:00,-14.35,648.97,0,0,0,0
2016-05-20 16:00:00,-13.91,648.97,0,0,0,0
2016-05-23 16:00:00,-13.66,648.97,0,0,0,0
2016-05-24 16:00:00,-14.32,648.97,0,0,0,0
2016-05-25 16:00:00,-14.44,648.97,0,0,0,0
2016-05-26 16:00:00,-14.3,648.97,0,0,0,0
2016-05-27 16:00:00,-14.35,648.97,0,0,0,0
2016-05-30 16:00:00,-14.23,648.97,0,0,0,0
2016-05-31 16:00:00,-11.36,648.97,0,0,0,0
2016-06-01 16:00:00,-11.61,648.97,0,0,0,0
2016-06-02 16:00:00,-11.43,648.97,0,0,0,0
2016-06-03 16:00:00,-10.81,648.97,0,0,0,0
2016-06-06 16:00:00,-11.1,648.97,0,0,0,0
2016-06-07 16:00:00,-11.15,648.97,0,0,0,0
2016-06-08 16:00:00,-11.51,648.97,0,0,0,0
2016-06-13 16:00:00,-14.24,648.97,0,0,0,0
2016-06-14 16:00:00,-13.97,648.97,0,0,0,0
2016-06-15 16:00:00,-12.85,648.97,0,0,0,0
2016-06-16 16:00:00,-13.45,648.97,0,0,0,0
2016-06-17 16:00:00,-13.01,648.97,0,0,0,0
2016-06-20 16:00:00,-12.95,648.97,0,0,0,0
2016-06-21 16:00:00,-13.13,648.97,0,0,0,0
2016-06-22 16:00:00,-12.35,687.7,38730.6,0,747985,0
2016-06-23 16:00:00,-12.82,678.37,0,-9323.06,0,-775432
2016-06-24 16:00:00,-13.94,666.16,0,-12214.16,767206,0
2016-06-27 16:00:00,-12.73,658.8,0,-7363.19,0,-737068
2016-06-28 16:00:00,-12.29,667.63,8833.25,0,731196,-8394
2016-06-29 16:00:00,-11.87,668.41,777.38,0,0,-725865
2016-06-30 16:00:00,-11.8,659.84,0,-8568.8,722656,0
2016-07-01 16:00:00,-11.79,653.84,0,-5993.94,0,-477648
2016-07-04 16:00:00,-10.38,657.6,3759.06,0,473134,0
2016-07-05 16:00:00,-10.3,653.53,0,-4077,0,-353070
2016-07-06 16:00:00,-10.04,672.02,18496.15,0,346192,0
2016-07-07 16:00:00,-10.23,684.32,12293.51,0,0,-351910
2016-07-08 16:00:00,-10.72,688.66,4345.12,0,349591,0
2016-07-11 16:00:00,-10.41,680.39,0,-8267.67,0,-746673
2016-07-12 16:00:00,-8.46,679.49,0,-898.7,775668,0
2016-07-13 16:00:00,-8.19,682.86,3366.42,0,0,-768909
2016-07-14 16:00:00,-8.36,690.45,7588.78,0,760744,0
2016-07-15 16:00:00,-8.37,688.35,0,-2095.84,0,-763722
2016-07-18 16:00:00,-8.77,684.24,0,-4116.58,761949,0
2016-07-19 16:00:00,-9.16,675.71,0,-8524.97,0,-421512
2016-07-20 16:00:00,-9.45,676.27,558.32,0,108928,0
2016-07-21 16:00:00,-9.04,675.42,0,-845.95,0,-106888
2016-07-22 16:00:00,-9.8,667.16,0,-8267.73,102420,0
2016-07-25 16:00:00,-9.64,660.65,0,-6509.59,49126,-2348
2016-07-26 16:00:00,-8.56,663.96,3316.13,0,0,-3366
2016-07-27 16:00:00,-10,662.27,0,-1693.98,0,-463833
2016-07-28 16:00:00,-9.92,662.42,153,0,0,0
2016-07-29 16:00:00,-10.4,662.25,0,-168,0,0
2016-08-01 16:00:00,-11.16,610.65,0,-51602.6,752000,0
2016-08-02 16:00:00,-10.81,609,0,-1650.79,0,-699840
2016-08-03 16:00:00,-10.69,609.06,57,0,0,0
2016-08-04 16:00:00,-10.47,609.03,0,-24,0,0
2016-08-05 16:00:00,-10.36,608.98,0,-57,0,0
2016-08-08 16:00:00,-9.55,608.97,0,-11.86,0,-12858
2016-08-09 16:00:00,-8.91,608.97,0,0,0,0
2016-08-10 16:00:00,-9.29,608.97,0,0,0,0
2016-08-11 16:00:00,-9.57,592.69,0,-16275.86,702870,0
2016-08-12 16:00:00,-7.87,587.39,0,-5297.11,0,-682395
2016-08-15 16:00:00,-5.1,587.39,0,0,0,0
2016-08-16 16:00:00,-5.52,587.39,0,0,0,0
2016-08-17 16:00:00,-5.67,587.39,0,0,0,0
2016-08-18 16:00:00,-5.91,587.39,0,0,0,0
2016-08-19 16:00:00,-5.89,587.39,0,0,0,0
2016-08-22 16:00:00,-6.68,580.46,0,-6936.03,680085,0
2016-08-23 16:00:00,-6.54,582.99,2533.77,0,0,-667873
2016-08-24 16:00:00,-6.87,591.92,8934.87,0,657125,0
2016-08-25 16:00:00,-7.46,585.08,0,-6843.9,14346,-352231
2016-08-26 16:00:00,-7.51,585.02,0,-63.35,0,-331241
2016-08-29 16:00:00,-7.49,585.02,0,0,0,0
2016-08-30 16:00:00,-7.37,585.02,0,0,0,0
2016-08-31 16:00:00,-6.93,581.33,0,-3683.84,679470,0
2016-09-01 16:00:00,-7.67,579.59,0,-1747.66,0,-675120
2016-09-02 16:00:00,-7.32,581.78,2197.72,0,664251,0
2016-09-05 16:00:00,-7.16,581.76,0,-21.74,0,-667494
2016-09-06 16:00:00,-6.52,581.76,0,0,0,0
2016-09-07 16:00:00,-6.57,581.76,0,0,0,0
2016-09-08 16:00:00,-6.6,581.76,0,0,0,0
2016-09-09 16:00:00,-7.21,578.2,0,-3563.11,677040,0
2016-09-12 16:00:00,-8.76,556.64,0,-21558.78,0,-648296
2016-09-13 16:00:00,-8.82,550.38,0,-6263.24,650808,0
2016-09-14 16:00:00,-9.42,549.29,0,-1081.8,0,-644460
2016-09-19 16:00:00,-8.74,549.24,0,-59.65,0,-4654
2016-09-20 16:00:00,-8.9,549.24,0,0,0,0
2016-09-21 16:00:00,-8.64,549.24,0,0,0,0
2016-09-22 16:00:00,-7.96,549.24,0,0,0,0
2016-09-23 16:00:00,-8.39,549.24,0,0,0,0
2016-09-26 16:00:00,-9.94,549.24,0,0,0,0
2016-09-27 16:00:00,-9.37,549.24,0,0,0,0
2016-09-28 16:00:00,-9.64,549.24,0,0,0,0
2016-09-29 16:00:00,-9.27,549.24,0,0,0,0
2016-09-30 16:00:00,-9.02,549.24,0,0,0,0
2016-10-10 16:00:00,-7.88,549.24,0,0,0,0
2016-10-11 16:00:00,-7.53,549.24,0,0,0,0
2016-10-12 16:00:00,-7.71,549.24,0,0,0,0
2016-10-13 16:00:00,-7.64,549.24,0,0,0,0
2016-10-14 16:00:00,-7.55,549.24,0,0,0,0
2016-10-17 16:00:00,-8.33,549.24,0,0,0,0
2016-10-18 16:00:00,-7.11,549.24,0,0,0,0
2016-10-19 16:00:00,-7.26,549.24,0,0,0,0
2016-10-20 16:00:00,-7.19,549.24,0,0,0,0
2016-10-21 16:00:00,-6.93,549.24,0,0,0,0
2016-10-24 16:00:00,-5.82,549.24,0,0,0,0
2016-10-25 16:00:00,-5.82,549.24,0,0,0,0
2016-10-26 16:00:00,-6.18,549.24,0,0,0,0
2016-10-27 16:00:00,-6.43,549.24,0,0,0,0
2016-10-28 16:00:00,-6.59,549.24,0,0,0,0
2016-10-31 16:00:00,-6.7,549.24,0,0,0,0
2016-11-01 16:00:00,-6.06,549.24,0,0,0,0
2016-11-02 16:00:00,-6.78,549.24,0,0,0,0
2016-11-03 16:00:00,-5.89,549.24,0,0,0,0
2016-11-04 16:00:00,-6.19,549.24,0,0,0,0
2016-11-07 16:00:00,-6.13,549.24,0,0,0,0
2016-11-08 16:00:00,-5.72,549.24,0,0,0,0
2016-11-09 16:00:00,-6.23,549.24,0,0,0,0
2016-11-10 16:00:00,-5.18,549.24,0,0,0,0
2016-11-11 16:00:00,-4.43,549.24,0,0,0,0
2016-11-14 16:00:00,-4.07,549.24,0,0,0,0
2016-11-15 16:00:00,-4.08,549.24,0,0,0,0
2016-11-16 16:00:00,-4.09,549.24,0,0,0,0
2016-11-17 16:00:00,-3.89,534.76,0,-14472.74,649118,0
2016-11-18 16:00:00,-4.43,535.35,588.87,0,0,-636256
2016-11-21 16:00:00,-3.76,535.35,0,0,0,0
2016-11-22 16:00:00,-3,535.35,0,0,0,0
2016-11-23 16:00:00,-2.82,535.35,0,0,0,0
2016-11-24 16:00:00,-2.43,535.35,0,0,0,0
2016-11-25 16:00:00,-1.52,535.35,0,0,0,0
2016-11-28 16:00:00,-1.14,535.35,0,0,0,0
2016-11-29 16:00:00,-0.33,535.35,0,0,0,0
2016-11-30 16:00:00,-1.05,535.35,0,0,0,0
2016-12-01 16:00:00,-0.3,535.35,0,0,0,0
2016-12-02 16:00:00,-1.31,535.35,0,0,0,0
2016-12-05 16:00:00,-2.97,535.35,0,0,0,0
2016-12-06 16:00:00,-3.26,535.35,0,0,0,0
2016-12-07 16:00:00,-2.79,535.35,0,0,0,0
2016-12-08 16:00:00,-2.95,535.35,0,0,0,0
2016-12-09 16:00:00,-2.29,535.35,0,0,0,0
2016-12-12 16:00:00,-4.66,535.35,0,0,0,0
2016-12-13 16:00:00,-4.77,535.35,0,0,0,0
2016-12-14 16:00:00,-5.5,535.35,0,0,0,0
2016-12-15 16:00:00,-6.58,535.35,0,0,0,0
2016-12-16 16:00:00,-6.42,535.35,0,0,0,0
2016-12-19 16:00:00,-6.9,535.35,0,0,0,0
2016-12-20 16:00:00,-7.46,535.35,0,0,0,0
2016-12-21 16:00:00,-6.63,535.35,0,0,0,0
2016-12-22 16:00:00,-6.71,535.35,0,0,0,0
2016-12-23 16:00:00,-7.5,535.35,0,0,0,0
2016-12-26 16:00:00,-7.08,535.35,0,0,0,0
2016-12-27 16:00:00,-7.25,535.35,0,0,0,0
2016-12-28 16:00:00,-7.66,535.35,0,0,0,0
2016-12-29 16:00:00,-7.77,535.35,0,0,0,0
2016-12-30 16:00:00,-7.43,535.35,0,0,0,0
2017-01-03 16:00:00,-6.53,535.35,0,0,0,0
2017-01-04 16:00:00,-5.8,535.35,0,0,0,0
2017-01-05 16:00:00,-5.81,535.35,0,0,0,0
2017-01-06 16:00:00,-6.38,535.35,0,0,0,0
2017-01-09 16:00:00,-5.92,535.35,0,0,0,0
2017-01-10 16:00:00,-6.08,535.35,0,0,0,0
2017-01-11 16:00:00,-6.75,535.35,0,0,0,0
2017-01-12 16:00:00,-7.22,535.35,0,0,0,0
2017-01-13 16:00:00,-7.15,535.35,0,0,0,0
2017-01-16 16:00:00,-7.17,535.35,0,0,0,0
2017-01-17 16:00:00,-6.97,535.35,0,0,0,0
2017-01-18 16:00:00,-6.61,535.35,0,0,0,0
2017-01-19 16:00:00,-6.89,535.35,0,0,0,0
2017-01-20 16:00:00,-6.17,535.35,0,0,0,0
2017-01-23 16:00:00,-5.92,535.35,0,0,0,0
2017-01-24 16:00:00,-5.91,535.35,0,0,0,0
2017-01-25 16:00:00,-5.59,535.35,0,0,0,0
2017-01-26 16:00:00,-5.25,535.35,0,0,0,0
2017-02-03 16:00:00,-5.91,535.35,0,0,0,0
2017-02-06 16:00:00,-5.66,535.35,0,0,0,0
2017-02-07 16:00:00,-5.87,535.35,0,0,0,0
2017-02-08 16:00:00,-5.38,535.35,0,0,0,0
2017-02-09 16:00:00,-5.02,535.35,0,0,0,0
2017-02-10 16:00:00,-4.54,535.35,0,0,0,0
2017-02-13 16:00:00,-3.9,535.35,0,0,0,0
2017-02-14 16:00:00,-3.91,535.35,0,0,0,0
2017-02-15 16:00:00,-4.31,535.35,0,0,0,0
2017-02-16 16:00:00,-3.77,535.35,0,0,0,0
2017-02-17 16:00:00,-4.31,535.35,0,0,0,0
2017-02-20 16:00:00,-2.92,535.35,0,0,0,0
2017-02-21 16:00:00,-2.6,535.35,0,0,0,0
2017-02-22 16:00:00,-2.4,535.35,0,0,0,0
2017-02-23 16:00:00,-2.86,535.35,0,0,0,0
2017-02-24 16:00:00,-2.85,535.35,0,0,0,0
2017-02-27 16:00:00,-3.62,535.35,0,0,0,0
2017-02-28 16:00:00,-3.44,535.35,0,0,0,0
2017-03-01 16:00:00,-3.28,535.35,0,0,0,0
2017-03-02 16:00:00,-3.93,535.35,0,0,0,0
2017-03-03 16:00:00,-4.13,535.35,0,0,0,0
2017-03-06 16:00:00,-3.61,535.35,0,0,0,0
2017-03-07 16:00:00,-3.4,535.35,0,0,0,0
2017-03-08 16:00:00,-3.55,535.35,0,0,0,0
2017-03-09 16:00:00,-4.16,535.35,0,0,0,0
2017-03-10 16:00:00,-4.13,535.35,0,0,0,0
2017-03-13 16:00:00,-3.29,535.35,0,0,0,0
2017-03-14 16:00:00,-3.33,535.35,0,0,0,0
2017-03-15 16:00:00,-3.13,535.35,0,0,0,0
2017-03-16 16:00:00,-2.63,535.35,0,0,0,0
2017-03-17 16:00:00,-3.63,535.35,0,0,0,0
2017-03-20 16:00:00,-3.53,535.35,0,0,0,0
2017-03-21 16:00:00,-3.06,535.35,0,0,0,0
2017-03-22 16:00:00,-3.51,535.35,0,0,0,0
2017-03-23 16:00:00,-3.18,535.35,0,0,0,0
2017-03-24 16:00:00,-2.41,535.35,0,0,0,0
2017-03-27 16:00:00,-2.73,535.35,0,0,0,0
2017-03-28 16:00:00,-2.96,535.35,0,0,0,0
2017-03-29 16:00:00,-3.09,535.35,0,0,0,0
2017-03-30 16:00:00,-3.89,535.35,0,0,0,0
2017-03-31 16:00:00,-3.35,535.35,0,0,0,0
2017-04-05 16:00:00,-2.01,535.35,0,0,0,0
2017-04-06 16:00:00,-1.72,535.35,0,0,0,0
2017-04-07 16:00:00,-1.63,535.35,0,0,0,0
2017-04-10 16:00:00,-1.97,535.35,0,0,0,0
2017-04-11 16:00:00,-1.63,535.35,0,0,0,0
2017-04-12 16:00:00,-1.85,535.35,0,0,0,0
2017-04-13 16:00:00,-1.71,535.35,0,0,0,0
2017-04-14 16:00:00,-2.49,535.35,0,0,0,0
2017-04-17 16:00:00,-2.68,535.35,0,0,0,0
2017-04-18 16:00:00,-3.16,535.35,0,0,0,0
2017-04-19 16:00:00,-3.63,535.35,0,0,0,0
2017-04-20 16:00:00,-3.19,535.35,0,0,0,0
2017-04-21 16:00:00,-3.05,535.35,0,0,0,0
2017-04-24 16:00:00,-4.04,535.35,0,0,0,0
2017-04-25 16:00:00,-3.77,535.35,0,0,0,0
2017-04-26 16:00:00,-3.65,535.35,0,0,0,0
2017-04-27 16:00:00,-3.61,535.35,0,0,0,0
2017-04-28 16:00:00,-3.8,535.35,0,0,0,0
2017-05-02 16:00:00,-4.17,535.35,0,0,0,0
2017-05-03 16:00:00,-4.55,535.35,0,0,0,0
2017-05-04 16:00:00,-4.79,535.35,0,0,0,0
2017-05-05 16:00:00,-5.4,535.35,0,0,0,0
2017-05-08 16:00:00,-6.07,535.35,0,0,0,0
2017-05-09 16:00:00,-6.24,535.35,0,0,0,0
2017-05-10 16:00:00,-6.66,535.35,0,0,0,0
2017-05-11 16:00:00,-6.13,535.35,0,0,0,0
2017-05-12 16:00:00,-5.32,535.35,0,0,0,0
2017-05-15 16:00:00,-4.94,535.35,0,0,0,0
2017-05-16 16:00:00,-4.11,535.35,0,0,0,0
2017-05-17 16:00:00,-4.63,535.35,0,0,0,0
2017-05-18 16:00:00,-4.97,535.35,0,0,0,0
2017-05-19 16:00:00,-4.81,535.35,0,0,0,0
2017-05-22 16:00:00,-4.6,535.35,0,0,0,0
2017-05-23 16:00:00,-4.24,535.35,0,0,0,0
2017-05-24 16:00:00,-4.24,535.35,0,0,0,0
2017-05-25 16:00:00,-2.52,535.35,0,0,0,0
2017-05-26 16:00:00,-2.66,535.35,0,0,0,0
2017-05-31 16:00:00,-2.32,535.35,0,0,0,0
2017-06-01 16:00:00,-2.18,535.35,0,0,0,0
2017-06-02 16:00:00,-2.49,535.35,0,0,0,0
2017-06-05 16:00:00,-2.99,535.35,0,0,0,0
2017-06-06 16:00:00,-2.32,535.35,0,0,0,0
2017-06-07 16:00:00,-1.17,535.35,0,0,0,0
2017-06-08 16:00:00,-0.41,535.35,0,0,0,0
2017-06-09 16:00:00,0.01,535.35,0,0,0,0
2017-06-12 16:00:00,-0.04,535.35,0,0,0,0
2017-06-13 16:00:00,0.18,535.35,0,0,0,0
2017-06-14 16:00:00,-1.13,535.35,0,0,0,0
2017-06-15 16:00:00,-1.31,535.35,0,0,0,0
2017-06-16 16:00:00,-1.59,535.35,0,0,0,0
2017-06-19 16:00:00,-0.62,535.35,0,0,0,0
2017-06-20 16:00:00,-0.82,535.35,0,0,0,0
2017-06-21 16:00:00,0.34,535.35,0,0,0,0
2017-06-22 16:00:00,0.41,535.35,0,0,0,0
2017-06-23 16:00:00,1.32,535.35,0,0,0,0
2017-06-26 16:00:00,2.58,535.35,0,0,0,0
2017-06-27 16:00:00,2.77,535.35,0,0,0,0
2017-06-28 16:00:00,1.97,535.35,0,0,0,0
2017-06-29 16:00:00,2.6,535.35,0,0,0,0
2017-06-30 16:00:00,2.55,535.35,0,0,0,0
2017-07-03 16:00:00,2.1,535.35,0,0,0,0
2017-07-04 16:00:00,1.24,535.35,0,0,0,0
2017-07-05 16:00:00,2.35,535.35,0,0,0,0
2017-07-06 16:00:00,2.36,535.35,0,0,0,0
2017-07-07 16:00:00,2.24,535.35,0,0,0,0
2017-07-10 16:00:00,2.18,535.35,0,0,0,0
2017-07-11 16:00:00,2.66,535.35,0,0,0,0
2017-07-12 16:00:00,2.33,535.35,0,0,0,0
2017-07-13 16:00:00,3.11,535.35,0,0,0,0
2017-07-14 16:00:00,3.56,535.35,0,0,0,0
2017-07-17 16:00:00,2.46,535.35,0,0,0,0
2017-07-18 16:00:00,2.56,535.35,0,0,0,0
2017-07-19 16:00:00,4.31,535.35,0,0,0,0
2017-07-20 16:00:00,4.82,535.35,0,0,0,0
2017-07-21 16:00:00,4.28,535.35,0,0,0,0
2017-07-24 16:00:00,4.69,535.35,0,0,0,0
2017-07-25 16:00:00,4.02,535.35,0,0,0,0
2017-07-26 16:00:00,3.63,535.35,0,0,0,0
2017-07-27 16:00:00,3.82,535.35,0,0,0,0
2017-07-28 16:00:00,4.09,535.35,0,0,0,0
2017-07-31 16:00:00,4.54,535.35,0,0,0,0
2017-08-01 16:00:00,5.45,535.35,0,0,0,0
2017-08-02 16:00:00,5.18,535.35,0,0,0,0
2017-08-03 16:00:00,4.25,535.35,0,0,0,0
2017-08-04 16:00:00,3.69,535.35,0,0,0,0
2017-08-07 16:00:00,4.23,535.35,0,0,0,0
2017-08-08 16:00:00,4.38,535.35,0,0,0,0
2017-08-09 16:00:00,4.34,535.35,0,0,0,0
2017-08-10 16:00:00,3.92,535.35,0,0,0,0
2017-08-11 16:00:00,2,535.35,0,0,0,0
2017-08-14 16:00:00,3.33,535.35,0,0,0,0
2017-08-15 16:00:00,3.65,535.35,0,0,0,0
2017-08-16 16:00:00,3.52,535.35,0,0,0,0
2017-08-17 16:00:00,4.07,535.35,0,0,0,0
2017-08-18 16:00:00,4.17,535.35,0,0,0,0
2017-08-21 16:00:00,4.62,535.35,0,0,0,0
2017-08-22 16:00:00,4.94,535.35,0,0,0,0
2017-08-23 16:00:00,5.05,535.35,0,0,0,0
2017-08-24 16:00:00,4.45,535.35,0,0,0,0
2017-08-25 16:00:00,6.15,535.35,0,0,0,0
2017-08-28 16:00:00,7.47,535.35,0,0,0,0
2017-08-29 16:00:00,7.24,535.35,0,0,0,0
2017-08-30 16:00:00,7.23,535.35,0,0,0,0
2017-08-31 16:00:00,6.89,535.35,0,0,0,0
2017-09-01 16:00:00,7.13,535.35,0,0,0,0
2017-09-04 16:00:00,7.55,535.35,0,0,0,0
2017-09-05 16:00:00,7.87,535.35,0,0,0,0
2017-09-06 16:00:00,7.66,535.35,0,0,0,0
2017-09-07 16:00:00,7.11,535.35,0,0,0,0
2017-09-08 16:00:00,7,535.35,0,0,0,0
2017-09-11 16:00:00,6.99,535.35,0,0,0,0
2017-09-12 16:00:00,7.33,535.35,0,0,0,0
2017-09-13 16:00:00,7.46,535.35,0,0,0,0
2017-09-14 16:00:00,7.11,535.35,0,0,0,0
2017-09-15 16:00:00,7.15,535.35,0,0,0,0
2017-09-18 16:00:00,7.48,535.35,0,0,0,0
2017-09-19 16:00:00,7.17,535.35,0,0,0,0
2017-09-20 16:00:00,7.46,535.35,0,0,0,0
2017-09-21 16:00:00,7.33,535.35,0,0,0,0
2017-09-22 16:00:00,7.33,535.35,0,0,0,0
2017-09-25 16:00:00,6.77,535.35,0,0,0,0
2017-09-26 16:00:00,6.85,535.35,0,0,0,0
2017-09-27 16:00:00,6.87,535.35,0,0,0,0
2017-09-28 16:00:00,6.9,535.35,0,0,0,0
2017-09-29 16:00:00,7.29,535.35,0,0,0,0
2017-10-09 16:00:00,8.57,535.35,0,0,0,0
2017-10-10 16:00:00,8.79,535.35,0,0,0,0
2017-10-11 16:00:00,9.15,535.35,0,0,0,0
2017-10-12 16:00:00,9.43,535.35,0,0,0,0
2017-10-13 16:00:00,9.66,535.35,0,0,0,0
2017-10-16 16:00:00,9.45,535.35,0,0,0,0
2017-10-17 16:00:00,9.44,535.35,0,0,0,0
2017-10-18 16:00:00,10.31,535.35,0,0,0,0
2017-10-19 16:00:00,9.94,535.35,0,0,0,0
2017-10-20 16:00:00,9.82,535.35,0,0,0,0
2017-10-23 16:00:00,9.93,535.35,0,0,0,0
2017-10-24 16:00:00,10.73,535.35,0,0,0,0
2017-10-25 16:00:00,11.22,535.35,0,0,0,0
2017-10-26 16:00:00,11.69,535.35,0,0,0,0
2017-10-27 16:00:00,12.48,535.35,0,0,0,0
2017-10-30 16:00:00,12.14,535.35,0,0,0,0
2017-10-31 16:00:00,12.05,535.35,0,0,0,0
2017-11-01 16:00:00,11.77,535.35,0,0,0,0
2017-11-02 16:00:00,11.79,535.35,0,0,0,0
2017-11-03 16:00:00,11.66,535.35,0,0,0,0
2017-11-06 16:00:00,12.45,535.35,0,0,0,0
2017-11-07 16:00:00,13.38,535.35,0,0,0,0
2017-11-08 16:00:00,13.21,535.35,0,0,0,0
2017-11-09 16:00:00,13.99,535.35,0,0,0,0
2017-11-10 16:00:00,15,535.35,0,0,0,0
2017-11-13 16:00:00,15.45,535.35,0,0,0,0
2017-11-14 16:00:00,14.65,535.35,0,0,0,0
2017-11-15 16:00:00,13.93,535.35,0,0,0,0
2017-11-16 16:00:00,14.8,535.35,0,0,0,0
2017-11-17 16:00:00,15.25,535.35,0,0,0,0
2017-11-20 16:00:00,15.89,535.35,0,0,0,0
2017-11-21 16:00:00,17.96,535.35,0,0,0,0
2017-11-22 16:00:00,18.23,535.35,0,0,0,0
2017-11-23 16:00:00,14.73,535.35,0,0,0,0
2017-11-24 16:00:00,14.78,535.35,0,0,0,0
2017-11-27 16:00:00,13.26,535.35,0,0,0,0
2017-11-28 16:00:00,13.43,535.35,0,0,0,0
2017-11-29 16:00:00,13.37,535.35,0,0,0,0
2017-11-30 16:00:00,12.04,535.35,0,0,0,0
2017-12-01 16:00:00,11.81,535.35,0,0,0,0
2017-12-04 16:00:00,12.39,535.35,0,0,0,0
2017-12-05 16:00:00,12.99,535.35,0,0,0,0
2017-12-06 16:00:00,12.31,535.35,0,0,0,0
2017-12-07 16:00:00,11.06,535.35,0,0,0,0
2017-12-08 16:00:00,11.96,535.35,0,0,0,0
2017-12-11 16:00:00,13.81,535.35,0,0,0,0
2017-12-12 16:00:00,12.31,535.35,0,0,0,0
2017-12-13 16:00:00,13.27,535.35,0,0,0,0
2017-12-14 16:00:00,12.6,535.35,0,0,0,0
2017-12-15 16:00:00,11.33,535.35,0,0,0,0
2017-12-18 16:00:00,11.46,535.35,0,0,0,0
2017-12-19 16:00:00,12.85,535.35,0,0,0,0
2017-12-20 16:00:00,12.72,535.35,0,0,0,0
2017-12-21 16:00:00,13.76,535.35,0,0,0,0
2017-12-22 16:00:00,13.39,535.35,0,0,0,0
2017-12-25 16:00:00,13.03,535.35,0,0,0,0
2017-12-26 16:00:00,13.37,535.35,0,0,0,0
2017-12-27 16:00:00,11.62,535.35,0,0,0,0
2017-12-28 16:00:00,12.4,535.35,0,0,0,0
2017-12-29 16:00:00,12.73,535.35,0,0,0,0
2018-01-02 16:00:00,14.31,535.35,0,0,0,0
2018-01-03 16:00:00,14.98,535.35,0,0,0,0
2018-01-04 16:00:00,15.47,535.35,0,0,0,0
2018-01-05 16:00:00,15.75,535.35,0,0,0,0
2018-01-08 16:00:00,16.35,535.35,0,0,0,0
2018-01-09 16:00:00,17.16,535.35,0,0,0,0
2018-01-10 16:00:00,17.68,535.35,0,0,0,0
2018-01-11 16:00:00,17.62,535.35,0,0,0,0
2018-01-12 16:00:00,18.16,535.35,0,0,0,0
2018-01-15 16:00:00,18.17,535.35,0,0,0,0
2018-01-16 16:00:00,19.1,535.35,0,0,0,0
2018-01-17 16:00:00,18.81,535.35,0,0,0,0
2018-01-18 16:00:00,19.46,535.35,0,0,0,0
2018-01-19 16:00:00,19.85,535.35,0,0,0,0
2018-01-22 16:00:00,21.28,535.35,0,0,0,0
2018-01-23 16:00:00,22.57,535.35,0,0,0,0
2018-01-24 16:00:00,22.77,535.35,0,0,0,0
2018-01-25 16:00:00,22.08,535.35,0,0,0,0
2018-01-26 16:00:00,22.53,535.35,0,0,0,0
2018-01-29 16:00:00,20.31,535.35,0,0,0,0
2018-01-30 16:00:00,19.03,535.35,0,0,0,0
2018-01-31 16:00:00,19.58,535.35,0,0,0,0
2018-02-01 16:00:00,18.74,535.35,0,0,0,0
2018-02-02 16:00:00,19.45,535.35,0,0,0,0
2018-02-05 16:00:00,19.53,535.35,0,0,0,0
2018-02-06 16:00:00,16.03,535.35,0,0,0,0
2018-02-07 16:00:00,13.28,535.35,0,0,0,0
2018-02-08 16:00:00,12.2,535.35,0,0,0,0
2018-02-09 16:00:00,7.41,535.35,0,0,0,0
2018-02-12 16:00:00,8.79,535.35,0,0,0,0
2018-02-13 16:00:00,10.07,535.35,0,0,0,0
2018-02-14 16:00:00,10.94,535.35,0,0,0,0
2018-02-22 16:00:00,13.34,535.35,0,0,0,0
2018-02-23 16:00:00,13.85,535.35,0,0,0,0
2018-02-26 16:00:00,15.18,535.35,0,0,0,0
2018-02-27 16:00:00,13.52,535.35,0,0,0,0
2018-02-28 16:00:00,12.53,535.35,0,0,0,0
2018-03-01 16:00:00,13.24,535.35,0,0,0,0
2018-03-02 16:00:00,12.33,535.35,0,0,0,0
2018-03-05 16:00:00,12.37,535.35,0,0,0,0
2018-03-06 16:00:00,13.73,535.35,0,0,0,0
2018-03-07 16:00:00,12.89,535.35,0,0,0,0
2018-03-08 16:00:00,14.04,535.35,0,0,0,0
2018-03-09 16:00:00,14.91,535.35,0,0,0,0
2018-03-12 16:00:00,15.44,535.35,0,0,0,0
2018-03-13 16:00:00,14.42,535.35,0,0,0,0
2018-03-14 16:00:00,13.92,535.35,0,0,0,0
2018-03-15 16:00:00,14.56,535.35,0,0,0,0
2018-03-16 16:00:00,13.44,535.35,0,0,0,0
2018-03-19 16:00:00,13.94,535.35,0,0,0,0
2018-03-20 16:00:00,14.04,535.35,0,0,0,0
2018-03-21 16:00:00,13.57,535.35,0,0,0,0
2018-03-22 16:00:00,12.44,535.35,0,0,0,0
2018-03-23 16:00:00,9.21,535.35,0,0,0,0
2018-03-26 16:00:00,8.51,535.35,0,0,0,0
2018-03-27 16:00:00,9.44,535.35,0,0,0,0
2018-03-28 16:00:00,7.47,535.35,0,0,0,0
2018-03-29 16:00:00,8.9,535.35,0,0,0,0
2018-03-30 16:00:00,9.03,535.35,0,0,0,0
2018-04-02 16:00:00,8.7,535.35,0,0,0,0
2018-04-03 16:00:00,8.02,535.35,0,0,0,0
2018-04-04 16:00:00,7.81,535.35,0,0,0,0
2018-04-09 16:00:00,7.75,535.35,0,0,0,0
2018-04-10 16:00:00,9.83,535.35,0,0,0,0
2018-04-11 16:00:00,10.14,535.35,0,0,0,0
2018-04-12 16:00:00,9.03,535.35,0,0,0,0
2018-04-13 16:00:00,8.26,535.35,0,0,0,0
2018-04-16 16:00:00,6.52,535.35,0,0,0,0
2018-04-17 16:00:00,4.84,535.35,0,0,0,0
2018-04-18 16:00:00,5.33,535.35,0,0,0,0
2018-04-19 16:00:00,6.6,535.35,0,0,0,0
2018-04-20 16:00:00,5.18,535.35,0,0,0,0
2018-04-23 16:00:00,5.33,535.35,0,0,0,0
2018-04-24 16:00:00,7.49,535.35,0,0,0,0
2018-04-25 16:00:00,7.08,535.35,0,0,0,0
2018-04-26 16:00:00,5.03,535.35,0,0,0,0
2018-04-27 16:00:00,5.07,535.35,0,0,0,0
2018-05-02 16:00:00,5.26,535.35,0,0,0,0
2018-05-03 16:00:00,6.08,535.35,0,0,0,0
2018-05-04 16:00:00,5.56,535.35,0,0,0,0
2018-05-07 16:00:00,7.23,535.35,0,0,0,0
2018-05-08 16:00:00,8.47,535.35,0,0,0,0
2018-05-09 16:00:00,8.28,535.35,0,0,0,0
2018-05-10 16:00:00,8.88,535.35,0,0,0,0
2018-05-11 16:00:00,8.31,535.35,0,0,0,0
2018-05-14 16:00:00,9.33,535.35,0,0,0,0
2018-05-15 16:00:00,9.74,535.35,0,0,0,0
2018-05-16 16:00:00,8.87,535.35,0,0,0,0
2018-05-17 16:00:00,8.06,535.35,0,0,0,0
2018-05-18 16:00:00,9.16,535.35,0,0,0,0
2018-05-21 16:00:00,9.66,535.35,0,0,0,0
2018-05-22 16:00:00,9.24,535.35,0,0,0,0
2018-05-23 16:00:00,7.8,535.35,0,0,0,0
2018-05-24 16:00:00,7.03,535.35,0,0,0,0
2018-05-25 16:00:00,6.73,535.35,0,0,0,0
2018-05-28 16:00:00,7.2,535.35,0,0,0,0
2018-05-29 16:00:00,6.39,562.42,27069.25,0,635825,0
2018-05-30 16:00:00,4.13,530.79,0,-31631.17,0,-350900
2018-05-31 16:00:00,6.34,523.83,0,-6960,0,0
2018-06-01 16:00:00,5.45,523.04,0,-790.7,0,-273615
2018-06-04 16:00:00,6.49,523.04,0,0,0,0
2018-06-05 16:00:00,7.54,523.04,0,0,0,0
2018-06-06 16:00:00,7.32,523.04,0,0,0,0
2018-06-07 16:00:00,7.14,523.04,0,0,0,0
2018-06-08 16:00:00,5.7,523.04,0,0,0,0
2018-06-11 16:00:00,5.71,523.04,0,0,0,0
2018-06-12 16:00:00,7,523.04,0,0,0,0
2018-06-13 16:00:00,5.95,523.04,0,0,0,0
2018-06-14 16:00:00,5.53,523.04,0,0,0,0
2018-06-15 16:00:00,4.97,523.04,0,0,0,0
2018-06-19 16:00:00,1.27,523.04,0,0,0,0
2018-06-20 16:00:00,1.67,523.04,0,0,0,0
2018-06-21 16:00:00,0.48,523.04,0,0,0,0
2018-06-22 16:00:00,0.93,523.04,0,0,0,0
2018-06-25 16:00:00,-0.43,523.04,0,0,0,0
2018-06-26 16:00:00,-1.25,523.04,0,0,0,0
2018-06-27 16:00:00,-3.26,523.04,0,0,0,0
2018-06-28 16:00:00,-4.26,523.04,0,0,0,0
2018-06-29 16:00:00,-1.81,523.04,0,0,0,0
2018-07-02 16:00:00,-4.69,523.04,0,0,0,0
2018-07-03 16:00:00,-4.65,523.04,0,0,0,0
2018-07-04 16:00:00,-5.93,523.04,0,0,0,0
2018-07-05 16:00:00,-6.52,523.04,0,0,0,0
2018-07-06 16:00:00,-5.89,523.04,0,0,0,0
2018-07-09 16:00:00,-3.26,523.04,0,0,0,0
2018-07-10 16:00:00,-3.02,523.04,0,0,0,0
2018-07-11 16:00:00,-4.7,523.04,0,0,0,0
2018-07-12 16:00:00,-2.65,523.04,0,0,0,0
2018-07-13 16:00:00,-2.32,523.04,0,0,0,0
2018-07-16 16:00:00,-2.9,523.04,0,0,0,0
2018-07-17 16:00:00,-3.53,523.04,0,0,0,0
2018-07-18 16:00:00,-4.04,523.04,0,0,0,0
2018-07-19 16:00:00,-4.12,523.04,0,0,0,0
2018-07-20 16:00:00,-2.32,523.04,0,0,0,0
2018-07-23 16:00:00,-1.4,523.04,0,0,0,0
2018-07-24 16:00:00,0.17,523.04,0,0,0,0
2018-07-25 16:00:00,0.06,523.04,0,0,0,0
2018-07-26 16:00:00,-1.1,523.04,0,0,0,0
